id_stayGPS,source_address,nm_prsn,stayGPS_start,stayGPS_end,stayGPS_x,stayGPS_y,stayGPS_duration,matched,wifi_id,spatial_dist,time_overlap,dist_to_nearest_sensor,nearest_sensor,dist_cat
1,00:5b:94:c3:90:bc,P096,2019-10-21T14:28:12Z,2019-10-21T14:33:42Z,398370.366497839,332933.444647037,330,FALSE,,,,26.3418981760871,sensor_202_front,<30m
4,00:5b:94:c3:90:bc,P096,2019-10-29T17:11:45Z,2019-10-29T17:16:25Z,398483.841705493,332820.191182347,280,FALSE,,,,29.2729824828869,sensor_lake,<30m
5,00:5b:94:c3:90:bc,P096,2019-10-29T17:21:30Z,2019-10-29T17:27:45Z,398482.816603003,332813.643160042,375,FALSE,,,,35.8422827700039,sensor_lake,30-50m
7,00:cd:fe:17:e0:d0,P083,2019-10-24T22:09:46Z,2019-10-24T22:15:06Z,398657.640928171,333221.424444251,320,FALSE,,,,7.55757215003649,sensor_PC_room_front,<30m
9,00:cd:fe:17:e0:d0,P083,2019-10-28T22:13:44Z,2019-10-28T22:16:49Z,398308.799559869,333287.092430599,185,FALSE,,,,49.3148716531487,sensor_dorm_front,30-50m
10,00:cd:fe:17:e0:d0,P083,2019-10-31T01:41:38Z,2019-10-31T01:45:58Z,398333.766462719,333240.841134851,260,FALSE,,,,3.79884385125136,sensor_dorm_front,<30m
11,00:cd:fe:17:e0:d0,P083,2019-11-12T16:30:16Z,2019-11-12T16:33:26Z,398604.994114721,332910.831680333,190,FALSE,,,,30.2620318805755,sensor_btw_201_102,30-50m
12,00:cd:fe:17:e0:d0,P083,2019-11-13T10:58:27Z,2019-11-13T11:04:27Z,398333.592116754,333243.377667686,360,FALSE,,,,3.11825921740162,sensor_dorm_front,<30m
18,08:ae:d6:11:24:7f,P067,2019-10-25T16:03:22Z,2019-10-25T16:06:42Z,398309.424658472,333266.899336953,200,FALSE,,,,32.0152164366639,sensor_dorm_front,30-50m
20,08:ae:d6:11:24:7f,P067,2019-10-28T21:03:36Z,2019-10-28T21:13:11Z,398464.791467506,333182.558572942,575,FALSE,,,,27.9047976282483,sensor_gym_front,<30m
21,08:ae:d6:11:24:7f,P067,2019-10-29T15:46:05Z,2019-10-29T15:49:10Z,398343.800141125,333238.817955512,185,FALSE,,,,13.8663368508862,sensor_dorm_front,<30m
22,08:ae:d6:11:24:7f,P067,2019-11-04T17:32:56Z,2019-11-04T17:42:11Z,398516.139037739,332865.855217824,555,FALSE,,,,29.49393504336,sensor_lake,<30m
23,08:ae:d6:11:24:7f,P067,2019-11-10T18:07:29Z,2019-11-10T18:11:09Z,398296.746749035,333273.21345612,220,FALSE,,,,45.438275461961,sensor_dorm_front,30-50m
24,08:ae:d6:11:24:7f,P067,2019-11-11T15:57:19Z,2019-11-11T16:02:39Z,398419.758347622,333222.333582399,320,FALSE,,,,10.1361292556494,sensor_cafeteria_dorm_side,<30m
28,08:ae:d6:23:d6:53,P104,2019-11-03T12:43:24Z,2019-11-03T12:47:14Z,398477.98070695,333066.036921459,230,FALSE,,152.382368480489,230,21.2891346609108,sensor_203_1st,<30m
29,08:ae:d6:23:d6:53,P104,2019-11-03T17:22:56Z,2019-11-03T17:51:11Z,398407.922354661,333019.718812264,1695,FALSE,,,,34.8748089234453,sensor_203_front,30-50m
32,08:ae:d6:23:d6:53,P104,2019-11-06T20:27:27Z,2019-11-06T20:31:32Z,398330.405536306,333230.092220476,245,FALSE,,,,12.7288336398157,sensor_dorm_front,<30m
33,08:ae:d6:23:d6:53,P104,2019-11-07T21:25:30Z,2019-11-07T21:41:00Z,398327.548818512,333224.25385162,930,FALSE,,,,18.8035224230631,sensor_dorm_front,<30m
34,08:ae:d6:23:d6:53,P104,2019-11-08T22:43:42Z,2019-11-08T22:57:22Z,398327.680001681,333225.187566987,820,FALSE,,,,17.860821846177,sensor_dorm_front,<30m
35,08:ae:d6:23:d6:53,P104,2019-11-08T23:17:27Z,2019-11-08T23:20:52Z,398333.059950389,333223.142270673,205,FALSE,,,,19.8409591388617,sensor_dorm_front,<30m
36,08:ae:d6:23:d6:53,P104,2019-11-13T20:29:53Z,2019-11-13T20:37:13Z,398329.458941933,333227.613759778,440,FALSE,,,,15.2439972987592,sensor_dorm_front,<30m
40,08:ae:d6:28:34:bb,P101,2019-10-29T15:39:50Z,2019-10-29T15:43:40Z,398386.913324493,333146.597014239,230,FALSE,,,,25.8158324487658,sensor_TMB_back,<30m
42,08:ae:d6:28:34:bb,P101,2019-10-30T15:13:35Z,2019-10-30T15:19:50Z,398464.804406412,333071.744157058,375,FALSE,,,,18.4773251010698,sensor_football_field_back,<30m
43,08:ae:d6:28:34:bb,P101,2019-10-30T15:25:30Z,2019-10-30T15:28:30Z,398470.181307014,333068.190300801,180,FALSE,,160.258946057299,180,23.0503166444425,sensor_football_field_back,<30m
46,08:ae:d6:28:34:bb,P101,2019-11-12T17:34:17Z,2019-11-12T17:37:17Z,398704.507439473,332931.826197268,180,FALSE,,,,9.64965010222894,sensor_bus_station,<30m
47,08:ae:d6:28:34:bb,P101,2019-11-14T15:40:59Z,2019-11-14T15:43:59Z,398448.403202424,333136.562155402,180,FALSE,,,,29.3203398218031,sensor_gym_in,<30m
51,08:ae:d6:4c:38:d9,P009,2019-11-04T11:02:09Z,2019-11-04T11:05:44Z,398710.206739463,332938.062174928,215,FALSE,,,,16.4737895321482,sensor_bus_station,<30m
53,08:ae:d6:4c:38:d9,P009,2019-11-11T12:22:28Z,2019-11-11T12:25:43Z,398382.655701329,332950.508629857,195,FALSE,,,,5.34568404915177,sensor_202_front,<30m
58,08:ae:d6:51:4d:85,P098,2019-11-05T18:37:18Z,2019-11-05T18:42:33Z,398522.692406499,332887.616913349,315,FALSE,,,,49.665547444731,sensor_lake,30-50m
61,08:ae:d6:5e:ec:bb,P092,2019-10-29T17:18:36Z,2019-10-29T17:28:21Z,398487.327271459,332819.998691833,585,FALSE,,,,28.6192943226483,sensor_lake,<30m
63,08:ae:d6:5e:ec:bb,P092,2019-11-01T10:05:43Z,2019-11-01T10:08:58Z,398466.047534492,333095.547534444,195,FALSE,,,,6.11597034186001,sensor_football_field_back,<30m
65,08:ae:d6:5e:ec:bb,P092,2019-11-01T16:09:53Z,2019-11-01T16:43:33Z,398431.448502855,333025.883658386,2020,FALSE,,,,15.6720666111457,sensor_203_front,<30m
66,08:ae:d6:5e:ec:bb,P092,2019-11-05T20:48:43Z,2019-11-05T20:57:28Z,398524.982309498,332875.686250686,525,FALSE,,,,42.5459658880442,sensor_lake,30-50m
69,08:ae:d6:63:49:ef,P031,2019-11-01T07:55:21Z,2019-11-01T08:27:16Z,398437.205126719,333037.475163143,1915,FALSE,,,,23.3606046069558,sensor_203_front,<30m
70,08:ae:d6:63:49:ef,P031,2019-11-01T08:34:46Z,2019-11-01T08:42:26Z,398383.32648665,332983.645738806,460,FALSE,,,,29.3667252019632,sensor_202_front,<30m
72,08:ae:d6:63:49:ef,P031,2019-11-01T12:59:33Z,2019-11-01T13:11:03Z,398397.072060222,333040.418485,690,FALSE,,,,42.5946029580766,sensor_114_inside,30-50m
73,08:ae:d6:63:49:ef,P031,2019-11-01T13:14:58Z,2019-11-01T13:30:28Z,398431.859827803,333053.533622129,930,FALSE,,,,40.2405576468056,sensor_203_front,30-50m
74,08:ae:d6:63:49:ef,P031,2019-11-02T08:00:36Z,2019-11-02T08:04:51Z,398438.239659795,333026.621421328,255,FALSE,,,,12.6310334987719,sensor_203_front,<30m
75,08:ae:d6:63:49:ef,P031,2019-11-03T16:32:24Z,2019-11-03T16:45:59Z,398409.992477123,333006.777188127,815,FALSE,,,,33.3979649071465,sensor_203_front,30-50m
76,08:ae:d6:63:49:ef,P031,2019-11-03T17:01:05Z,2019-11-03T17:09:30Z,398406.27227947,333035.234500004,505,FALSE,,,,41.582632891581,sensor_203_front,30-50m
77,08:ae:d6:63:49:ef,P031,2019-11-03T17:17:00Z,2019-11-03T17:26:00Z,398394.485327904,333004.225401739,540,FALSE,,,,49.0822809009162,sensor_203_front,30-50m
80,08:ae:d6:63:49:ef,P031,2019-11-05T20:48:49Z,2019-11-05T20:57:19Z,398526.476959213,332866.88449337,510,FALSE,,,,38.75286767228,sensor_lake,30-50m
81,08:ae:d6:63:49:ef,P031,2019-11-09T17:48:33Z,2019-11-09T17:51:38Z,398293.328328584,333238.780421842,185,FALSE,,,,37.4144764433642,sensor_dorm_front,30-50m
85,08:ae:d6:65:75:23,P028,2019-10-30T14:08:50Z,2019-10-30T14:20:10Z,398518.492904181,332814.94936524,680,FALSE,,,,42.1157249784235,sensor_lake,30-50m
86,08:ae:d6:65:75:23,P028,2019-11-01T00:06:41Z,2019-11-01T00:15:41Z,398456.441498459,332992.57397722,540,FALSE,,,,26.1929503579223,sensor_203_front,<30m
87,08:ae:d6:65:75:23,P028,2019-11-01T19:34:23Z,2019-11-01T19:37:28Z,398255.14711124,333229.35200355,185,FALSE,,,,18.5862941170571,sensor_parking_dorm,<30m
89,08:ae:d6:65:75:23,P028,2019-11-03T08:00:45Z,2019-11-03T08:04:50Z,398311.014592338,333270.734487255,245,FALSE,,,,34.0559688381742,sensor_dorm_front,30-50m
90,08:ae:d6:65:75:23,P028,2019-11-03T16:32:58Z,2019-11-03T16:42:03Z,398406.109921935,333013.187885854,545,FALSE,,,,36.35709795733,sensor_203_front,30-50m
91,08:ae:d6:65:75:23,P028,2019-11-05T17:50:20Z,2019-11-05T18:02:55Z,398516.423640794,332858.587139457,755,FALSE,,,,26.0506867295582,sensor_lake,<30m
93,08:ae:d6:65:75:23,P028,2019-11-12T18:02:19Z,2019-11-12T18:09:29Z,398485.982806451,332809.315582647,430,FALSE,,,,39.3731754831673,sensor_lake,30-50m
94,08:ae:d6:a4:5a:c3,P036,2019-10-22T12:17:03Z,2019-10-22T12:30:03Z,398378.014711074,333226.055073838,780,FALSE,,,,31.899229716139,sensor_cafeteria_dorm_side,30-50m
102,08:ae:d6:ab:44:71,P033,2019-11-03T16:39:58Z,2019-11-03T16:51:33Z,398414.257874224,333005.160857403,695,FALSE,,,,29.7506945287896,sensor_203_front,<30m
103,08:ae:d6:ab:44:71,P033,2019-11-03T17:13:41Z,2019-11-03T17:27:21Z,398403.710173247,333014.888929718,820,FALSE,,,,38.7254973391097,sensor_203_front,30-50m
104,08:ae:d6:ab:44:71,P033,2019-11-04T18:14:33Z,2019-11-04T18:22:13Z,398520.548997737,332850.288140602,460,FALSE,,,,28.0700631674694,sensor_lake,<30m
105,08:ae:d6:ab:44:71,P033,2019-11-04T18:24:43Z,2019-11-04T18:27:58Z,398492.933155745,332842.123566406,195,FALSE,,,,6.02314893611951,sensor_lake,<30m
106,08:ae:d6:ab:44:71,P033,2019-11-04T18:37:50Z,2019-11-04T18:57:25Z,398520.872766746,332883.136305624,1175,FALSE,,,,45.017723594604,sensor_lake,30-50m
108,08:d4:6a:e7:de:22,P045,2019-11-04T17:54:50Z,2019-11-04T18:00:00Z,398503.213315353,332881.244024137,310,FALSE,,,,34.780021893691,sensor_lake,30-50m
109,10:f1:f2:0c:51:dc,P063,2019-10-24T06:54:43Z,2019-10-24T06:59:48Z,398313.788063333,333299.702324892,305,FALSE,,,,55.5646000729583,sensor_cafeteria_dorm,50-100m
112,10:f1:f2:0c:51:dc,P063,2019-11-01T08:10:44Z,2019-11-01T08:27:09Z,398436.867675325,333045.279149149,985,FALSE,,,,31.0744241390551,sensor_203_front,30-50m
113,10:f1:f2:0c:51:dc,P063,2019-11-01T08:35:24Z,2019-11-01T08:50:49Z,398380.646084312,332978.821359937,925,FALSE,,,,25.0368569131,sensor_202_front,<30m
114,10:f1:f2:0c:51:dc,P063,2019-11-01T13:12:23Z,2019-11-01T13:29:38Z,398430.509953229,333054.547636696,1035,FALSE,,199.879189972609,177,41.5865870853403,sensor_203_front,30-50m
116,10:f1:f2:0c:51:dc,P063,2019-11-03T15:03:37Z,2019-11-03T15:26:17Z,398386.861884263,333026.214314179,1360,FALSE,,,,50.70917713392,sensor_btw_TMB_library,50-100m
117,10:f1:f2:0c:51:dc,P063,2019-11-03T15:28:17Z,2019-11-03T15:34:57Z,398387.641310829,333047.202471538,400,FALSE,,,,36.7486101026609,sensor_114_inside,30-50m
118,10:f1:f2:0c:51:dc,P063,2019-11-03T17:06:52Z,2019-11-03T17:14:47Z,398404.370413824,333042.557889341,475,FALSE,,,,41.3069452904227,sensor_114_inside,30-50m
119,10:f1:f2:0c:51:dc,P063,2019-11-03T17:26:44Z,2019-11-03T17:40:54Z,398402.404630309,333030.346563768,850,FALSE,,,,42.9770704624985,sensor_203_front,30-50m
121,10:f1:f2:0c:51:dc,P063,2019-11-04T19:12:22Z,2019-11-04T19:26:52Z,398518.285801395,332892.369178268,870,FALSE,,,,51.1700547548652,sensor_lake,50-100m
124,10:f1:f2:0c:51:dc,P063,2019-11-07T23:54:24Z,2019-11-07T23:58:14Z,398312.658690328,333270.120532176,230,FALSE,,,,32.6260979348019,sensor_dorm_front,30-50m
125,10:f1:f2:0c:51:dc,P063,2019-11-08T02:34:15Z,2019-11-08T02:43:50Z,398431.383377789,333242.532949872,575,FALSE,,,,27.9922746798735,sensor_cafeteria_dorm_side,<30m
127,10:f1:f2:0c:51:dc,P063,2019-11-09T01:47:24Z,2019-11-09T01:51:09Z,398411.404033812,333245.137429244,225,FALSE,,,,20.5836085722887,sensor_cafeteria_dorm_side,<30m
130,18:83:31:b4:0b:f5,P003,2019-10-30T12:28:58Z,2019-10-30T12:32:43Z,398354.549673781,333092.229170808,225,FALSE,,,,42.4213463966953,sensor_114_inside,30-50m
131,18:83:31:b4:0b:f5,P003,2019-11-04T12:29:35Z,2019-11-04T12:33:30Z,398336.788584716,333091.094135678,235,FALSE,,,,48.6242790243199,sensor_btw_TMB_library,30-50m
133,18:83:31:b4:0b:f5,P003,2019-11-11T12:26:21Z,2019-11-11T12:33:01Z,398345.460753979,333093.367153826,400,FALSE,,,,51.282574839147,sensor_btw_TMB_library,50-100m
137,2c:33:61:97:88:76,P024,2019-11-09T14:12:38Z,2019-11-09T14:16:23Z,398700.913809548,332938.343433534,225,FALSE,,,,8.71652434993546,sensor_bus_station,<30m
138,2c:33:61:97:88:76,P024,2019-11-13T11:45:49Z,2019-11-13T11:50:59Z,398310.139918116,333278.327491462,310,FALSE,,,,40.9421373055018,sensor_dorm_front,30-50m
139,38:ca:da:d5:b2:52,P013,2019-10-21T17:06:15Z,2019-10-21T17:10:20Z,398489.108824085,333100.152028626,245,FALSE,,,,27.7980685169477,sensor_football_field_back,<30m
140,38:ca:da:d5:b2:52,P013,2019-11-12T14:23:49Z,2019-11-12T14:26:54Z,398489.40664323,332813.462461873,185,FALSE,,,,34.8160273814087,sensor_lake,30-50m
141,38:ca:da:d5:b2:52,P013,2019-11-13T11:25:45Z,2019-11-13T11:33:25Z,398460.524286586,333012.692068754,460,FALSE,,,,18.2009780941366,sensor_203_front,<30m
142,3c:f7:a4:b0:5f:f5,P058,2019-11-05T22:19:06Z,2019-11-05T22:27:41Z,398508.906026024,332903.79865488,515,FALSE,,,,44.4288046193132,sensor_bridge_main_engineer,30-50m
143,48:60:5f:6b:68:e4,P059,2019-10-23T13:36:45Z,2019-10-23T13:40:55Z,398363.926293452,332763.42582081,250,FALSE,,,,54.63970755823,sensor_108_front_outside,50-100m
146,50:77:05:18:53:dd,P035,2019-11-03T15:35:34Z,2019-11-03T15:42:54Z,398392.589375716,333035.282206481,440,FALSE,,,,47.8347365646429,sensor_114_inside,30-50m
147,50:77:05:18:53:dd,P035,2019-11-03T15:55:49Z,2019-11-03T16:04:34Z,398386.847222988,333037.5663946,525,FALSE,,,,46.335870877396,sensor_114_inside,30-50m
149,50:77:05:18:53:dd,P035,2019-11-12T15:00:05Z,2019-11-12T15:05:25Z,398475.016682359,332832.255789811,320,FALSE,,,,23.6639352324081,sensor_lake,<30m
154,50:77:05:94:d9:78,P064,2019-10-30T14:10:57Z,2019-10-30T14:16:22Z,398353.567182147,332757.401019288,325,FALSE,,,,48.3862796169168,sensor_206_front,30-50m
159,50:77:05:94:d9:78,P064,2019-11-11T01:07:55Z,2019-11-11T01:14:20Z,398355.721225717,333242.068934288,385,FALSE,,,,25.2083939538634,sensor_dorm_front,<30m
160,50:77:05:94:d9:78,P064,2019-11-11T01:16:40Z,2019-11-11T01:24:40Z,398355.21789507,333230.403578593,480,FALSE,,,,27.6399453379984,sensor_dorm_front,<30m
164,50:77:05:bc:73:a0,P030,2019-10-24T09:31:55Z,2019-10-24T09:36:05Z,398437.670501374,333174.280720472,250,FALSE,,,,4.94660523187302,sensor_gym_front,<30m
165,50:77:05:bc:73:a0,P030,2019-10-30T12:11:06Z,2019-10-30T12:14:06Z,398433.366277442,333031.90821621,180,FALSE,,,,19.4450179584748,sensor_203_front,<30m
173,54:99:63:c6:9c:6a,P040,2019-10-23T17:36:36Z,2019-10-23T17:40:36Z,398534.088479563,332691.345043547,240,FALSE,,,,77.7296541727691,sensor_btw_104_106,50-100m
174,64:7b:ce:01:b5:04,P065,2019-10-23T15:01:23Z,2019-10-23T15:13:13Z,398232.816534048,332773.919338083,710,FALSE,,102.038228788145,173,65.5464230202109,sensor_202_back_further,50-100m
175,64:7b:ce:21:28:7a,P055,2019-11-05T15:56:43Z,2019-11-05T16:01:08Z,398701.435512026,332937.825807446,265,FALSE,,,,8.73729158735988,sensor_bus_station,<30m
176,64:7b:ce:21:28:7a,P055,2019-11-06T12:40:59Z,2019-11-06T12:44:59Z,398708.749653472,332930.550116978,240,FALSE,,,,13.971804209652,sensor_bus_station,<30m
177,64:7b:ce:21:28:7a,P055,2019-11-12T17:02:44Z,2019-11-12T17:10:19Z,398709.312385463,332924.828794642,455,FALSE,,,,16.1647378482515,sensor_bus_station,<30m
180,64:7b:ce:3a:af:36,P049,2019-10-22T17:55:40Z,2019-10-22T18:02:15Z,398365.183715582,333236.173400972,395,FALSE,,,,34.6009662302942,sensor_cafeteria_dorm,30-50m
181,64:7b:ce:3a:af:36,P049,2019-10-23T12:59:34Z,2019-10-23T13:04:59Z,398704.535716939,332937.763481849,325,FALSE,,,,11.2251230054168,sensor_bus_station,<30m
182,64:7b:ce:3a:af:36,P049,2019-10-24T18:39:10Z,2019-10-24T18:42:55Z,398480.347994185,332819.57052203,225,FALSE,,,,31.0663159899083,sensor_lake,30-50m
183,64:7b:ce:3a:af:36,P049,2019-10-29T18:46:29Z,2019-10-29T19:00:04Z,398707.893151034,332936.00098566,815,FALSE,,,,13.6118414865703,sensor_bus_station,<30m
184,64:7b:ce:3a:af:36,P049,2019-10-30T18:00:44Z,2019-10-30T18:08:09Z,398704.798100929,332931.767458892,445,FALSE,,,,9.94184210540916,sensor_bus_station,<30m
186,64:7b:ce:3a:af:36,P049,2019-11-03T17:32:12Z,2019-11-03T17:38:12Z,398406.455074356,333015.531497031,360,FALSE,,,,35.9896042279487,sensor_203_front,30-50m
187,64:7b:ce:3a:af:36,P049,2019-11-05T17:51:11Z,2019-11-05T17:54:31Z,398521.950135091,332851.045840375,200,FALSE,,,,29.5322970204669,sensor_lake,<30m
188,64:7b:ce:3a:af:36,P049,2019-11-07T17:18:28Z,2019-11-07T17:23:03Z,398427.971122102,333216.95896416,275,FALSE,,,,19.6414625264335,sensor_cafeteria_dorm_side,<30m
189,64:7b:ce:3a:af:36,P049,2019-11-07T18:57:48Z,2019-11-07T19:03:03Z,398710.543660744,332939.891638262,315,FALSE,,,,17.524473576029,sensor_bus_station,<30m
190,64:7b:ce:3a:af:36,P049,2019-11-11T17:36:54Z,2019-11-11T17:42:24Z,398351.957563069,333230.79279125,330,FALSE,,,,24.5776694686302,sensor_dorm_front,<30m
191,64:7b:ce:3a:af:36,P049,2019-11-12T18:55:38Z,2019-11-12T18:59:58Z,398720.38531134,332921.789595861,260,FALSE,,,,27.5174161650751,sensor_bus_station,<30m
192,64:7b:ce:3a:af:36,P049,2019-11-14T18:53:39Z,2019-11-14T18:59:49Z,398711.564323267,332931.687638637,370,FALSE,,,,16.7078262389418,sensor_bus_station,<30m
193,64:7b:ce:4a:d7:52,P082,2019-10-29T17:40:45Z,2019-10-29T17:45:10Z,398476.040555484,333085.665644665,265,FALSE,,156.189136042417,265,13.6265429995374,sensor_football_field_back,<30m
194,64:7b:ce:4a:d7:52,P082,2019-10-30T15:51:39Z,2019-10-30T15:54:39Z,398460.249074986,333026.239547433,180,FALSE,,,,21.2207260907688,sensor_203_front,<30m
195,64:7b:ce:4a:d7:52,P082,2019-10-30T18:03:24Z,2019-10-30T18:09:34Z,398709.721996022,332931.825724817,370,FALSE,,,,14.8631225293106,sensor_bus_station,<30m
198,64:7b:ce:56:ca:24,P034,2019-10-28T17:06:14Z,2019-10-28T17:10:14Z,398716.28892099,332919.131553654,240,FALSE,,,,25.0319021080634,sensor_bus_station,<30m
199,64:7b:ce:56:ca:24,P034,2019-11-01T11:29:45Z,2019-11-01T11:39:10Z,398447.137689707,333023.796310176,565,FALSE,,,,10.2331977998522,sensor_203_front,<30m
200,64:7b:ce:56:ca:24,P034,2019-11-03T15:28:41Z,2019-11-03T15:31:41Z,398378.39227624,332983.068965239,180,FALSE,,,,29.7090094257778,sensor_202_front,<30m
201,64:7b:ce:56:ca:24,P034,2019-11-03T16:03:40Z,2019-11-03T16:08:00Z,398394.551148366,332988.649641386,260,FALSE,,,,35.2037698261066,sensor_202_front,30-50m
202,64:7b:ce:56:ca:24,P034,2019-11-05T15:32:07Z,2019-11-05T15:44:57Z,398471.377033182,332805.415847475,770,FALSE,,,,47.6836819940248,sensor_lake,30-50m
203,64:7b:ce:56:ca:24,P034,2019-11-05T20:58:40Z,2019-11-05T21:02:25Z,398523.705288765,332872.391354868,225,FALSE,,,,39.4751460408166,sensor_lake,30-50m
204,64:7b:ce:6a:2a:ee,P084,2019-11-01T11:03:01Z,2019-11-01T11:06:41Z,398339.442942531,333252.819476078,220,FALSE,,,,13.3987436526371,sensor_dorm_front,<30m
205,64:7b:ce:6a:2a:ee,P084,2019-11-05T18:30:35Z,2019-11-05T18:38:25Z,398374.954991335,333239.384429988,470,FALSE,,,,34.0969031650821,sensor_cafeteria_dorm,30-50m
206,64:7b:ce:6a:2a:ee,P084,2019-11-13T08:08:38Z,2019-11-13T08:12:08Z,398388.58944423,333227.36760493,210,FALSE,,,,21.4695620115297,sensor_cafeteria_dorm_side,<30m
207,64:7b:ce:6a:2a:ee,P084,2019-11-14T21:50:40Z,2019-11-14T21:55:00Z,398356.30545375,332921.794954028,260,FALSE,,,,36.7437073657982,sensor_202_in,30-50m
210,64:7b:ce:8c:d8:e4,P018,2019-11-04T20:44:39Z,2019-11-04T20:48:34Z,398519.01011441,332887.268956871,235,FALSE,,,,47.2331494904429,sensor_lake,30-50m
213,64:7b:ce:8c:d8:e4,P018,2019-11-08T18:14:48Z,2019-11-08T18:20:13Z,398725.218288952,332921.823840258,325,FALSE,,,,32.0402974138139,sensor_bus_station,30-50m
215,64:89:f1:45:aa:21,P027,2019-11-02T08:20:03Z,2019-11-02T08:24:23Z,398434.343669223,333046.248409145,260,FALSE,,,,32.5622282088346,sensor_203_front,30-50m
216,64:89:f1:45:aa:21,P027,2019-11-02T16:23:36Z,2019-11-02T16:26:36Z,398398.040650407,333024.668271397,180,FALSE,,,,45.4983060696875,sensor_203_front,30-50m
217,64:89:f1:45:aa:21,P027,2019-11-06T22:07:48Z,2019-11-06T22:10:48Z,398419.135487873,333195.317612832,180,FALSE,,,,30.7196873487366,sensor_cafeteria_dorm_side,30-50m
219,64:89:f1:50:ab:c7,P005,2019-11-03T16:08:17Z,2019-11-03T16:12:47Z,398401.484002065,333003.11250817,270,FALSE,,,,42.5611280669767,sensor_203_front,30-50m
220,64:89:f1:50:ab:c7,P005,2019-11-03T17:02:53Z,2019-11-03T17:08:28Z,398300.525011497,333266.511814124,335,FALSE,,,,38.2259052900867,sensor_dorm_front,30-50m
222,6c:e8:5c:cd:6f:8c,P039,2019-10-22T08:20:22Z,2019-10-22T08:24:57Z,398475.890336165,333173.589566462,275,FALSE,,,,36.1485766978446,sensor_gym_front,30-50m
224,6c:e8:5c:cd:6f:8c,P039,2019-10-24T17:23:53Z,2019-10-24T17:30:08Z,398696.353861722,332955.574247855,375,FALSE,,,,23.5503536342022,sensor_bus_station,<30m
225,6c:e8:5c:cd:6f:8c,P039,2019-11-01T17:39:47Z,2019-11-01T17:46:27Z,398320.830222637,333251.920771343,400,FALSE,,,,13.2960501112066,sensor_dorm_front,<30m
227,6c:e8:5c:cd:6f:8c,P039,2019-11-08T16:39:51Z,2019-11-08T16:43:01Z,398650.210473469,332934.393641515,190,FALSE,,,,44.7107837644827,sensor_bus_station,30-50m
228,6c:e8:5c:cd:6f:8c,P039,2019-11-10T13:31:56Z,2019-11-10T13:35:51Z,398309.588670689,333265.246808025,235,FALSE,,,,30.6794521195324,sensor_dorm_front,30-50m
229,6c:e8:5c:cd:6f:8c,P039,2019-11-13T19:35:18Z,2019-11-13T19:39:53Z,398719.182024469,332919.21584484,275,FALSE,,,,27.5096132742966,sensor_bus_station,<30m
230,6c:e8:5c:cd:6f:8c,P039,2019-11-14T23:00:04Z,2019-11-14T23:03:14Z,398309.395934313,333268.511730251,190,FALSE,,,,33.2631319508132,sensor_dorm_front,30-50m
232,6c:e8:5c:d8:f0:9d,P044,2019-10-21T20:12:58Z,2019-10-21T20:16:43Z,398357.670403806,333007.365993256,225,FALSE,,,,39.872105260665,sensor_btw_TMB_library,30-50m
233,6c:e8:5c:d8:f0:9d,P044,2019-10-24T11:19:45Z,2019-10-24T11:24:20Z,398362.743575861,333007.406604392,275,FALSE,,,,42.4699052043642,sensor_btw_TMB_library,30-50m
234,6c:e8:5c:d8:f0:9d,P044,2019-11-12T10:33:54Z,2019-11-12T10:37:44Z,398534.510023331,332901.795098615,230,FALSE,,,,41.6764790479184,sensor_btw_201_102,30-50m
238,70:70:0d:d9:32:42,P014,2019-10-23T17:52:39Z,2019-10-23T17:58:39Z,398336.003316146,333230.581728844,360,FALSE,,,,13.4093277226949,sensor_dorm_front,<30m
240,70:70:0d:d9:32:42,P014,2019-11-04T15:23:40Z,2019-11-04T15:29:55Z,398428.088805442,333011.662835041,375,FALSE,,,,14.6659711546415,sensor_203_front,<30m
241,70:70:0d:d9:32:42,P014,2019-11-04T17:25:40Z,2019-11-04T17:52:20Z,398519.786300288,332887.701251178,1600,FALSE,,,,48.027619301447,sensor_lake,30-50m
244,70:70:0d:d9:32:42,P014,2019-11-13T15:51:18Z,2019-11-13T15:56:43Z,398435.843676842,332791.314581581,325,FALSE,,,,37.9669022149423,sensor_108_front_outside,30-50m
245,74:9e:af:23:2a:76,P073,2019-10-22T12:26:22Z,2019-10-22T12:29:32Z,398703.158739277,332938.916085305,190,FALSE,,,,10.7566574184913,sensor_bus_station,<30m
251,74:b5:87:97:2b:1c,P004,2019-10-23T02:09:59Z,2019-10-23T02:13:09Z,398522.892480643,332840.719303028,190,FALSE,,,,31.2243093662874,sensor_lake,30-50m
253,74:b5:87:97:2b:1c,P004,2019-10-30T14:11:57Z,2019-10-30T14:28:37Z,398444.727832961,332798.353243475,1000,FALSE,,,,48.5393840940685,sensor_108_front_outside,30-50m
254,74:b5:87:97:2b:1c,P004,2019-10-30T15:30:50Z,2019-10-30T15:48:50Z,398446.768324728,332797.212726846,1080,FALSE,,,,48.7517414469448,sensor_108_front_outside,30-50m
255,78:67:d7:3b:c4:fc,P007,2019-10-25T17:32:14Z,2019-10-25T17:35:14Z,398338.128504553,333225.548536262,180,FALSE,,,,18.8719031841947,sensor_dorm_front,<30m
256,78:67:d7:3b:c4:fc,P007,2019-10-30T14:12:32Z,2019-10-30T14:22:37Z,398527.789147746,332868.604381219,605,FALSE,,,,40.742661432521,sensor_lake,30-50m
259,80:b0:3d:94:19:c8,P088,2019-11-08T14:43:02Z,2019-11-08T14:46:42Z,398569.434437884,333013.879102292,220,FALSE,,,,51.772616413965,sensor_201_in,50-100m
261,88:9f:6f:06:1e:02,P017,2019-11-03T13:47:38Z,2019-11-03T13:53:28Z,398401.585436324,333000.091224519,350,FALSE,,,,43.3859912402492,sensor_203_front,30-50m
262,88:9f:6f:06:1e:02,P017,2019-11-04T17:59:07Z,2019-11-04T18:03:42Z,398483.741839705,332874.251134984,275,FALSE,,,,27.564980832214,sensor_lake,<30m
263,88:9f:6f:06:1e:02,P017,2019-11-05T15:36:21Z,2019-11-05T15:40:21Z,398702.698821363,332939.236438388,240,FALSE,,,,10.6194491427085,sensor_bus_station,<30m
264,88:9f:6f:06:1e:02,P017,2019-11-11T15:42:32Z,2019-11-11T15:47:52Z,398478.467631573,332822.428455474,320,FALSE,,,,29.3168801183214,sensor_lake,<30m
265,88:9f:6f:06:1e:02,P017,2019-11-12T14:16:19Z,2019-11-12T14:23:04Z,398650.779257477,332802.574780436,405,FALSE,,,,32.9137727036605,sensor_104_back,30-50m
266,88:9f:6f:06:1e:02,P017,2019-11-12T19:07:33Z,2019-11-12T19:15:28Z,398594.036278846,332930.316677902,475,FALSE,,,,33.8424094152159,sensor_btw_201_102,30-50m
267,88:9f:6f:84:53:98,P061,2019-10-30T14:11:46Z,2019-10-30T14:20:21Z,398449.616665755,333028.105335762,515,FALSE,,,,15.2010906378691,sensor_203_front,<30m
268,88:9f:6f:84:53:98,P061,2019-10-31T15:56:11Z,2019-10-31T16:03:01Z,398704.092925792,332936.731052559,410,FALSE,,,,10.3413679891893,sensor_bus_station,<30m
269,88:9f:6f:84:53:98,P061,2019-11-01T10:02:40Z,2019-11-01T10:05:40Z,398425.119724305,333172.694663622,180,FALSE,,,,15.0774676625664,sensor_gym_front,<30m
271,88:9f:6f:84:53:98,P061,2019-11-03T17:15:27Z,2019-11-03T17:24:17Z,398399.654169304,333040.047180998,530,FALSE,,,,43.1102843167579,sensor_114_inside,30-50m
272,88:9f:6f:84:53:98,P061,2019-11-03T17:26:52Z,2019-11-03T17:34:47Z,398398.334303887,333037.416163808,475,FALSE,,,,45.6443407823546,sensor_114_inside,30-50m
273,88:9f:6f:84:53:98,P061,2019-11-03T17:41:22Z,2019-11-03T17:53:57Z,398412.746123446,333005.666895785,755,FALSE,,,,31.0351030318859,sensor_203_front,30-50m
274,88:9f:6f:84:53:98,P061,2019-11-07T17:15:09Z,2019-11-07T17:21:09Z,398538.146382675,332848.776218844,360,FALSE,,,,45.5892719884542,sensor_lake,30-50m
277,88:9f:6f:84:53:98,P061,2019-11-10T16:10:35Z,2019-11-10T16:20:50Z,398386.838386354,332981.772698545,615,FALSE,,,,27.3492785058276,sensor_202_front,<30m
278,88:9f:6f:84:53:98,P061,2019-11-11T23:31:48Z,2019-11-11T23:34:48Z,398307.429378086,333276.734894663,180,FALSE,,,,41.031077376023,sensor_dorm_front,30-50m
279,88:9f:6f:84:53:98,P061,2019-11-12T11:43:14Z,2019-11-12T11:48:34Z,398478.300785454,333022.045426642,320,FALSE,,,,22.4214225020517,sensor_203_2nd,<30m
281,90:e1:7b:6f:32:9e,P093,2019-10-21T07:37:49Z,2019-10-21T07:44:29Z,398358.666829879,333016.948229688,400,FALSE,,,,32.350216870947,sensor_btw_TMB_library,30-50m
282,90:e1:7b:6f:32:9e,P093,2019-10-21T16:04:10Z,2019-10-21T16:08:10Z,398367.694309701,333018.675084115,240,FALSE,,,,37.4249755184435,sensor_btw_TMB_library,30-50m
283,90:e1:7b:6f:32:9e,P093,2019-10-21T20:13:17Z,2019-10-21T20:17:07Z,398363.069232308,333008.555406517,230,FALSE,,,,41.7135922129639,sensor_btw_TMB_library,30-50m
284,90:e1:7b:6f:32:9e,P093,2019-10-22T12:32:31Z,2019-10-22T12:37:51Z,398360.248446216,333017.156253285,320,FALSE,,,,33.1835922902346,sensor_btw_TMB_library,30-50m
285,90:e1:7b:6f:32:9e,P093,2019-10-22T13:40:32Z,2019-10-22T13:44:52Z,398358.857272641,333018.749208613,260,FALSE,,,,31.0689948269088,sensor_btw_TMB_library,30-50m
286,90:e1:7b:6f:32:9e,P093,2019-10-22T18:14:00Z,2019-10-22T18:19:45Z,398360.457215949,333013.964939889,345,FALSE,,,,35.8072732960908,sensor_btw_TMB_library,30-50m
287,90:e1:7b:6f:32:9e,P093,2019-10-22T23:32:15Z,2019-10-22T23:37:00Z,398362.748061696,333002.61813254,285,FALSE,,,,44.5644922634735,sensor_202_in,30-50m
288,90:e1:7b:6f:32:9e,P093,2019-10-23T12:53:11Z,2019-10-23T12:56:51Z,398360.347406684,333013.506609152,220,FALSE,,,,36.1082450010121,sensor_btw_TMB_library,30-50m
289,90:e1:7b:6f:32:9e,P093,2019-10-23T17:40:49Z,2019-10-23T17:46:34Z,398360.757760999,333012.345624221,345,FALSE,,,,37.2870315360429,sensor_btw_TMB_library,30-50m
290,90:e1:7b:6f:32:9e,P093,2019-10-23T18:27:59Z,2019-10-23T18:32:39Z,398361.561058021,333008.342263064,280,FALSE,,,,41.033478922591,sensor_btw_TMB_library,30-50m
291,90:e1:7b:6f:32:9e,P093,2019-10-24T12:59:35Z,2019-10-24T13:04:25Z,398359.456681674,333018.076968693,290,FALSE,,,,31.9693107616131,sensor_btw_TMB_library,30-50m
292,90:e1:7b:6f:32:9e,P093,2019-10-24T16:49:58Z,2019-10-24T16:53:53Z,398369.592865973,333011.50590939,235,FALSE,,,,43.6689905080541,sensor_btw_TMB_library,30-50m
293,90:e1:7b:6f:32:9e,P093,2019-10-26T14:24:07Z,2019-10-26T14:32:12Z,398355.350848694,333014.179808288,485,FALSE,,,,32.7914426097248,sensor_btw_TMB_library,30-50m
294,90:e1:7b:6f:32:9e,P093,2019-10-26T15:52:22Z,2019-10-26T15:56:22Z,398359.151652827,333016.376593017,240,FALSE,,,,33.0990605664216,sensor_btw_TMB_library,30-50m
295,90:e1:7b:6f:32:9e,P093,2019-10-26T18:59:19Z,2019-10-26T19:02:34Z,398361.886871442,333012.476643982,195,FALSE,,,,37.8575865844985,sensor_btw_TMB_library,30-50m
296,90:e1:7b:6f:32:9e,P093,2019-10-26T20:18:02Z,2019-10-26T20:23:07Z,398354.98908778,333010.209302351,305,FALSE,,,,36.1140922690001,sensor_btw_TMB_library,30-50m
298,90:e1:7b:6f:32:9e,P093,2019-10-27T12:27:45Z,2019-10-27T12:31:50Z,398360.316312781,333011.283368928,245,FALSE,,,,37.8997297721861,sensor_btw_TMB_library,30-50m
300,90:e1:7b:6f:32:9e,P093,2019-10-28T14:12:51Z,2019-10-28T14:18:01Z,398358.447459199,333009.695657047,310,FALSE,,,,38.227113279749,sensor_btw_TMB_library,30-50m
301,90:e1:7b:6f:32:9e,P093,2019-10-28T15:01:28Z,2019-10-28T15:19:03Z,398361.872670888,333018.691020168,1055,FALSE,,,,33.1337130576303,sensor_btw_TMB_library,30-50m
302,90:e1:7b:6f:32:9e,P093,2019-10-28T15:22:13Z,2019-10-28T15:26:08Z,398361.812704047,333014.484380859,235,FALSE,,,,36.2381545079788,sensor_btw_TMB_library,30-50m
303,90:e1:7b:6f:32:9e,P093,2019-10-29T10:09:37Z,2019-10-29T10:16:37Z,398358.046026488,333013.740802746,420,FALSE,,,,34.5918044205561,sensor_btw_TMB_library,30-50m
304,90:e1:7b:6f:32:9e,P093,2019-10-29T21:21:09Z,2019-10-29T21:25:49Z,398361.652383376,333010.018169662,280,FALSE,,,,39.7011063398944,sensor_btw_TMB_library,30-50m
306,90:e1:7b:6f:32:9e,P093,2019-10-30T19:31:04Z,2019-10-30T19:37:34Z,398360.352221918,333014.801583726,390,FALSE,,,,35.0793897092128,sensor_btw_TMB_library,30-50m
307,90:e1:7b:6f:32:9e,P093,2019-10-31T12:20:42Z,2019-10-31T12:25:02Z,398364.578865066,333014.149618409,260,FALSE,,,,38.2989107215697,sensor_btw_TMB_library,30-50m
308,90:e1:7b:6f:32:9e,P093,2019-10-31T18:42:25Z,2019-10-31T18:47:20Z,398359.16170978,333014.454154151,295,FALSE,,,,34.6431031286793,sensor_btw_TMB_library,30-50m
309,90:e1:7b:6f:32:9e,P093,2019-10-31T21:10:51Z,2019-10-31T21:15:31Z,398359.824484535,333011.411338645,280,FALSE,,,,37.5171022459787,sensor_btw_TMB_library,30-50m
310,90:e1:7b:6f:32:9e,P093,2019-11-06T14:18:27Z,2019-11-06T14:28:57Z,398367.839222857,333002.305797757,630,FALSE,,,,45.290503830218,sensor_202_in,30-50m
311,90:e1:7b:6f:32:9e,P093,2019-11-06T14:34:42Z,2019-11-06T14:42:07Z,398362.983852945,333013.179845779,445,FALSE,,231.92341582199,398,37.9895687768391,sensor_btw_TMB_library,30-50m
312,90:e1:7b:6f:32:9e,P093,2019-11-06T22:02:19Z,2019-11-06T22:07:39Z,398362.801468516,333015.364281733,320,FALSE,,,,36.2084606239043,sensor_btw_TMB_library,30-50m
313,90:e1:7b:6f:32:9e,P093,2019-11-08T08:31:59Z,2019-11-08T08:49:14Z,398697.116753988,332957.996150553,1035,FALSE,,,,26.0228473918817,sensor_bus_station,<30m
314,90:e1:7b:6f:32:9e,P093,2019-11-14T12:47:02Z,2019-11-14T12:51:17Z,398419.988375202,332662.276059233,255,FALSE,,,,28.7815396875876,sensor_108_back,<30m
320,94:76:b7:0e:9e:d5,P089,2019-10-30T22:50:12Z,2019-10-30T22:54:57Z,398590.696225693,332884.572577489,285,FALSE,,114.483208439903,157,22.3446996333998,sensor_btw_201_102,<30m
321,94:76:b7:0e:9e:d5,P089,2019-11-05T20:53:02Z,2019-11-05T21:04:17Z,398522.440302412,332895.463689565,675,FALSE,,,,54.0907473595839,sensor_btw_201_102,50-100m
322,94:76:b7:0e:9e:d5,P089,2019-11-05T21:05:52Z,2019-11-05T21:16:42Z,398521.30811052,332897.579246727,650,FALSE,,,,55.0222913687495,sensor_btw_201_102,50-100m
323,94:76:b7:0e:9e:d5,P089,2019-11-07T17:34:18Z,2019-11-07T17:37:28Z,398451.149542302,332995.820155336,190,FALSE,,,,20.8007946979597,sensor_203_front,<30m
325,94:8b:c1:00:4d:b8,P102,2019-10-21T22:09:08Z,2019-10-21T22:13:23Z,398478.81799547,333072.086156425,255,FALSE,,151.863826944591,255,23.8966484060689,sensor_football_field_back,<30m
326,94:8b:c1:00:4d:b8,P102,2019-10-24T06:04:29Z,2019-10-24T06:08:24Z,398495.134322225,333101.882064702,235,FALSE,,,,34.0469898901925,sensor_football_field_back,30-50m
327,94:8b:c1:00:4d:b8,P102,2019-11-04T22:42:30Z,2019-11-04T22:48:15Z,398504.496021916,332883.461213925,345,FALSE,,,,37.28745217616,sensor_lake,30-50m
329,94:8b:c1:00:4d:b8,P102,2019-11-09T10:37:52Z,2019-11-09T10:42:27Z,398301.99795428,333263.118244804,275,FALSE,,,,35.0105097476815,sensor_dorm_front,30-50m
330,94:8b:c1:00:4d:b8,P102,2019-11-09T10:43:17Z,2019-11-09T10:46:37Z,398303.834556538,333262.733473421,200,FALSE,,,,33.2994719104975,sensor_dorm_front,30-50m
331,94:8b:c1:00:4d:b8,P102,2019-11-09T10:48:27Z,2019-11-09T10:53:22Z,398310.001406658,333261.751747604,295,FALSE,,,,27.9207886135703,sensor_dorm_front,<30m
332,94:8b:c1:00:4d:b8,P102,2019-11-09T10:58:52Z,2019-11-09T11:08:32Z,398324.18469014,333263.700189785,580,FALSE,,,,21.8208311489208,sensor_dorm_front,<30m
333,94:8b:c1:00:4d:b8,P102,2019-11-10T16:56:01Z,2019-11-10T16:59:41Z,398462.756335019,333032.81034811,220,FALSE,,,,27.2150245372127,sensor_203_front,<30m
334,94:8b:c1:00:4d:b8,P102,2019-11-14T17:44:14Z,2019-11-14T17:49:34Z,398539.253665284,332848.937288221,320,FALSE,,,,46.6989363671896,sensor_lake,30-50m
336,94:8b:c1:56:72:0a,P041,2019-10-25T13:40:28Z,2019-10-25T13:48:58Z,398473.766850769,332782.922589096,510,FALSE,,,,34.1777386608143,sensor_comm_center,30-50m
338,94:8b:c1:56:72:0a,P041,2019-10-26T21:54:06Z,2019-10-26T21:58:26Z,398412.556980839,333253.447243406,260,FALSE,,,,28.9608901257397,sensor_cafeteria_dorm_side,<30m
343,94:8b:c1:56:72:0a,P041,2019-11-05T23:01:18Z,2019-11-05T23:06:28Z,398475.195627934,332891.625256494,310,FALSE,,,,46.8290364390024,sensor_lake,30-50m
344,94:8b:c1:56:72:0a,P041,2019-11-08T19:34:23Z,2019-11-08T19:37:48Z,398263.187547987,333285.021588739,205,FALSE,,,,40.5602991754989,sensor_parking_dorm,30-50m
345,94:8b:c1:56:72:0a,P041,2019-11-08T19:41:13Z,2019-11-08T19:46:43Z,398253.715024216,333285.831725427,330,FALSE,,,,39.1393903106225,sensor_parking_dorm,30-50m
347,94:8b:c1:56:72:0a,P041,2019-11-09T18:57:37Z,2019-11-09T19:00:57Z,398658.374758349,332871.976491151,200,FALSE,,,,70.303772633934,sensor_bus_station,50-100m
349,94:8b:c1:94:4a:c4,P100,2019-10-25T12:02:29Z,2019-10-25T12:05:29Z,398364.460470168,333228.538979219,180,FALSE,,,,36.819062158932,sensor_dorm_front,30-50m
350,94:8b:c1:94:4a:c4,P100,2019-11-01T22:45:06Z,2019-11-01T22:48:21Z,398322.612546679,333241.223992507,195,FALSE,,,,8.0709688640324,sensor_dorm_front,<30m
352,94:8b:c1:94:4a:c4,P100,2019-11-10T19:58:39Z,2019-11-10T20:02:04Z,398481.383392021,333087.912357014,205,FALSE,,,,18.3474819646006,sensor_football_field_back,<30m
356,9c:f4:8e:10:3c:44,P060,2019-11-04T17:18:43Z,2019-11-04T17:22:38Z,398699.211826455,332937.081605502,235,FALSE,,,,6.63581663569409,sensor_bus_station,<30m
360,a4:5e:60:7b:f8:e0,P072,2019-11-13T19:08:25Z,2019-11-13T19:12:10Z,398452.138152173,333016.649823364,225,FALSE,,,,9.89539151896462,sensor_203_front,<30m
363,a8:2b:b9:0e:01:3c,P026,2019-11-12T20:10:12Z,2019-11-12T20:14:12Z,398271.860877019,333306.051237729,240,FALSE,,,,63.2974384117078,sensor_parking_dorm,50-100m
364,a8:2b:b9:27:e6:dc,P086,2019-10-22T14:38:27Z,2019-10-22T14:43:22Z,398437.799946701,333086.625449763,295,FALSE,,,,25.6163718712099,sensor_football_field_back,<30m
366,a8:2b:b9:27:e6:dc,P086,2019-11-08T11:34:11Z,2019-11-08T11:38:01Z,398411.215186248,333033.004406592,230,FALSE,,,,36.1865538079376,sensor_203_front,30-50m
368,a8:2b:b9:27:e6:dc,P086,2019-11-09T07:24:38Z,2019-11-09T07:34:03Z,398398.786484413,333163.265836145,565,FALSE,,,,34.4859713103029,sensor_TMB_back,30-50m
372,a8:2b:b9:42:e5:2a,P032,2019-11-04T18:02:59Z,2019-11-04T18:08:04Z,398512.362129012,332860.213127016,305,FALSE,,,,23.1934367877731,sensor_lake,<30m
380,a8:2b:b9:52:71:a8,P090,2019-11-05T21:09:44Z,2019-11-05T21:14:19Z,398520.079352782,332894.941532578,275,FALSE,,,,54.295988132438,sensor_lake,50-100m
384,a8:2b:b9:af:cd:a8,P103,2019-10-30T17:42:31Z,2019-10-30T17:47:31Z,398712.406202022,332932.513692132,300,FALSE,,,,17.550877534515,sensor_bus_station,<30m
385,a8:2b:b9:e5:b1:c0,P076,2019-10-28T18:29:39Z,2019-10-28T18:32:39Z,398704.604915482,332935.937312823,180,FALSE,,,,10.4829448346793,sensor_bus_station,<30m
386,a8:2b:b9:ea:16:d8,P037,2019-10-30T14:08:15Z,2019-10-30T14:12:40Z,398408.596922738,333048.673646948,265,FALSE,,,,36.5789554817289,sensor_114_inside,30-50m
387,a8:2b:b9:ea:16:d8,P037,2019-11-02T14:22:14Z,2019-11-02T14:30:04Z,398696.679462062,332939.319325787,470,FALSE,,,,7.47272065417011,sensor_bus_station,<30m
388,a8:2b:b9:ea:16:d8,P037,2019-11-04T18:29:10Z,2019-11-04T18:32:20Z,398674.159020384,332926.375356136,190,FALSE,,,,21.4711729070142,sensor_bus_station,<30m
390,a8:2b:b9:ea:16:d8,P037,2019-11-06T18:59:29Z,2019-11-06T19:04:24Z,398702.8249394,332930.210864815,295,FALSE,,,,8.17844617971914,sensor_bus_station,<30m
391,a8:2b:b9:ea:16:d8,P037,2019-11-07T20:04:02Z,2019-11-07T20:08:12Z,398699.686896034,332929.136396095,250,FALSE,,,,5.64833363853896,sensor_bus_station,<30m
392,a8:2b:b9:ea:16:d8,P037,2019-11-08T17:52:50Z,2019-11-08T17:58:10Z,398703.181301512,332954.044824665,320,FALSE,,,,23.4960932519266,sensor_bus_station,<30m
393,a8:2b:b9:eb:56:7e,P069,2019-10-21T16:38:25Z,2019-10-21T16:43:15Z,398493.966034012,332834.814226898,290,FALSE,,,,13.3948466290546,sensor_lake,<30m
394,a8:2b:b9:eb:56:7e,P069,2019-10-28T18:41:12Z,2019-10-28T18:46:32Z,398310.389964691,332768.448484713,320,FALSE,,,,8.98684122550153,sensor_206_front,<30m
395,a8:2b:b9:eb:56:7e,P069,2019-10-30T17:06:57Z,2019-10-30T17:11:22Z,398665.031990827,332883.284766998,265,FALSE,,,,57.1829193671121,sensor_bus_station,50-100m
396,a8:2b:b9:eb:56:7e,P069,2019-11-06T14:26:17Z,2019-11-06T14:30:17Z,398364.067230808,332919.156937459,240,FALSE,,,,40.1611995032864,sensor_202_in,30-50m
397,a8:2b:b9:eb:56:7e,P069,2019-11-06T14:33:12Z,2019-11-06T14:39:17Z,398365.772770371,332919.771675086,365,FALSE,,,,39.9330977296448,sensor_202_in,30-50m
398,a8:2b:b9:eb:56:7e,P069,2019-11-06T14:42:27Z,2019-11-06T14:48:22Z,398365.642973187,332921.324625963,355,FALSE,,,,38.3951538201653,sensor_202_in,30-50m
400,a8:2b:b9:eb:56:7e,P069,2019-11-06T15:04:07Z,2019-11-06T15:07:07Z,398365.965511327,332922.271657673,180,FALSE,,,,37.5606145941027,sensor_202_in,30-50m
401,a8:2b:b9:eb:56:7e,P069,2019-11-08T16:32:55Z,2019-11-08T16:40:10Z,398703.36265563,332931.515698765,435,FALSE,,,,8.51988682603349,sensor_bus_station,<30m
403,a8:2b:b9:eb:56:7e,P069,2019-11-10T19:42:28Z,2019-11-10T19:47:18Z,398343.464906308,333249.422143016,290,FALSE,,,,14.5274819291796,sensor_dorm_front,<30m
405,a8:2b:b9:eb:56:7e,P069,2019-11-12T18:43:28Z,2019-11-12T18:48:48Z,398380.676025094,333230.154877987,320,FALSE,,,,29.7268484492361,sensor_cafeteria_dorm_side,<30m
409,a8:2b:b9:fb:ea:27,P001,2019-11-01T11:42:36Z,2019-11-01T11:45:41Z,398373.103642614,333229.365283851,185,FALSE,,,,37.0836818433492,sensor_cafeteria_dorm_side,30-50m
412,a8:2b:b9:fb:ea:27,P001,2019-11-07T16:02:12Z,2019-11-07T16:07:07Z,398325.61639731,333232.777165445,295,FALSE,,,,11.1782626493148,sensor_dorm_front,<30m
414,a8:2b:b9:fb:ea:27,P001,2019-11-14T11:20:18Z,2019-11-14T11:24:18Z,398718.006279635,332924.932049366,240,FALSE,,,,24.2214142427899,sensor_bus_station,<30m
416,ac:5f:3e:7b:6d:6e,P106,2019-10-24T18:14:27Z,2019-10-24T18:19:47Z,398480.284831488,333164.33931757,320,FALSE,,,,28.5646912352437,sensor_gym_in,<30m
419,ac:5f:3e:7b:6d:6e,P106,2019-10-29T12:25:09Z,2019-10-29T12:30:09Z,398570.625734182,332702.076504929,300,FALSE,,,,73.348459871777,sensor_btw_104_106,50-100m
423,ac:5f:3e:7b:6d:6e,P106,2019-11-03T12:51:32Z,2019-11-03T13:02:27Z,398397.876739746,333005.165056247,655,FALSE,,,,45.5688475543836,sensor_203_front,30-50m
424,ac:5f:3e:7b:6d:6e,P106,2019-11-03T13:28:43Z,2019-11-03T13:33:38Z,398359.714756851,333026.222826758,295,FALSE,,,,26.4761814989517,sensor_btw_TMB_library,<30m
426,ac:5f:3e:7b:6d:6e,P106,2019-11-05T15:07:22Z,2019-11-05T15:12:12Z,398460.158366556,332889.485625586,290,FALSE,,,,52.5340326723119,sensor_lake,50-100m
427,ac:5f:3e:7b:6d:6e,P106,2019-11-05T15:14:27Z,2019-11-05T15:19:57Z,398323.431165976,333001.615968106,330,FALSE,,,,43.7050582531478,sensor_btw_TMB_library,30-50m
428,ac:5f:3e:7b:6d:6e,P106,2019-11-05T15:49:48Z,2019-11-05T15:55:18Z,398651.680776356,333006.477626713,330,FALSE,,,,58.6447680450307,sensor_football_field_front,50-100m
429,ac:5f:3e:7b:6d:6e,P106,2019-11-05T16:02:58Z,2019-11-05T16:07:48Z,398451.83757024,332897.581471116,290,FALSE,,,,56.6295939552764,sensor_bridge_main_engineer,50-100m
430,ac:5f:3e:7b:6d:6e,P106,2019-11-05T21:48:06Z,2019-11-05T22:03:31Z,398533.19759849,332871.363364545,925,FALSE,,,,46.8062872923209,sensor_lake,30-50m
432,ac:af:b9:ff:1f:4e,P052,2019-11-05T10:17:58Z,2019-11-05T10:22:18Z,398273.660237642,333270.199869905,260,FALSE,,,,33.7551713685643,sensor_parking_dorm,30-50m
433,b0:6f:e0:aa:db:2c,P022,2019-11-04T21:08:58Z,2019-11-04T21:14:48Z,398512.526218378,332860.455711022,350,FALSE,,,,23.4601617902186,sensor_lake,<30m
434,b0:6f:e0:aa:db:2c,P022,2019-11-12T20:10:31Z,2019-11-12T20:13:31Z,398441.189187767,332766.807867238,180,FALSE,,,,24.6838248102508,sensor_108_front_outside,<30m
435,b0:6f:e0:aa:db:2c,P022,2019-11-14T18:04:00Z,2019-11-14T18:07:35Z,398250.554021013,332738.537808038,215,FALSE,,,,59.2023240793263,sensor_206_front,50-100m
438,b0:70:2d:67:cb:ec,P006,2019-11-03T18:08:57Z,2019-11-03T18:13:47Z,398389.846133325,332982.904888013,290,FALSE,,,,28.6971654240033,sensor_202_front,<30m
439,b0:70:2d:67:cb:ec,P006,2019-11-03T18:44:06Z,2019-11-03T18:52:01Z,398405.302002842,332997.460062397,475,FALSE,,,,40.9433016545097,sensor_203_front,30-50m
443,bc:fe:d9:02:87:05,P097,2019-10-30T12:10:50Z,2019-10-30T12:16:25Z,398470.066294808,333028.576941255,335,FALSE,,,,25.5811491170179,sensor_203_1st,<30m
444,bc:fe:d9:02:87:05,P097,2019-11-06T12:00:11Z,2019-11-06T12:06:31Z,398458.205562894,333177.151256331,380,FALSE,,,,19.6660979933056,sensor_gym_front,<30m
446,bc:fe:d9:02:87:05,P097,2019-11-10T10:26:27Z,2019-11-10T10:29:57Z,398706.869515955,332928.856453248,210,FALSE,,,,12.4314852431688,sensor_bus_station,<30m
448,c0:a6:00:15:18:ed,P021,2019-10-21T15:16:41Z,2019-10-21T15:21:11Z,398432.180195732,333014.285302528,270,FALSE,,,,10.2637398469949,sensor_203_front,<30m
449,c0:a6:00:15:18:ed,P021,2019-10-26T14:40:16Z,2019-10-26T14:45:16Z,398717.086527316,332926.39392313,300,FALSE,,,,22.9392814772304,sensor_bus_station,<30m
450,c0:a6:00:15:18:ed,P021,2019-10-29T18:55:09Z,2019-10-29T19:00:04Z,398713.500602031,332924.419178146,295,FALSE,,,,20.149264261858,sensor_bus_station,<30m
452,c0:a6:00:15:18:ed,P021,2019-10-31T14:31:41Z,2019-10-31T14:34:56Z,398451.624238556,332753.88618075,195,FALSE,,,,12.6980161568346,sensor_comm_center,<30m
453,c0:a6:00:15:18:ed,P021,2019-10-31T23:41:45Z,2019-10-31T23:51:15Z,398401.012664277,333056.964284895,570,FALSE,,,,26.5209539645797,sensor_114_inside,<30m
454,c0:a6:00:15:18:ed,P021,2019-10-31T23:55:30Z,2019-11-01T00:01:45Z,398631.442893502,332911.571118856,375,FALSE,,,,56.1557284600272,sensor_btw_201_102,50-100m
456,c0:a6:00:15:18:ed,P021,2019-11-03T14:00:41Z,2019-11-03T14:06:16Z,398450.719413716,333020.705735834,335,FALSE,,,,10.2276848140375,sensor_203_front,<30m
458,c0:a6:00:15:18:ed,P021,2019-11-09T16:13:36Z,2019-11-09T16:20:41Z,398699.096052946,332958.68714439,425,FALSE,,,,26.9507248140312,sensor_bus_station,<30m
463,c0:a6:00:c2:13:1d,P056,2019-10-31T18:37:56Z,2019-10-31T18:41:16Z,398470.687785457,333028.647377579,200,FALSE,,,,25.1047247499134,sensor_203_1st,<30m
465,c0:a6:00:cb:71:ff,P011,2019-11-04T17:25:10Z,2019-11-04T17:33:10Z,398518.193903031,332854.584548444,480,FALSE,,,,26.4311862384012,sensor_lake,<30m
467,c0:a6:00:cb:71:ff,P011,2019-11-04T20:23:14Z,2019-11-04T20:34:19Z,398516.15579324,332891.792886567,665,FALSE,,,,49.6253444098895,sensor_lake,30-50m
470,c0:a6:00:cb:71:ff,P011,2019-11-12T17:06:25Z,2019-11-12T17:09:55Z,398711.477092114,332928.064777778,210,FALSE,,,,17.0923876760741,sensor_bus_station,<30m
471,c4:61:8b:b7:bc:93,P074,2019-10-29T14:01:02Z,2019-10-29T14:09:32Z,398418.269549935,333050.48958903,510,FALSE,,,,39.4307442704281,sensor_114_inside,30-50m
473,c4:93:d9:fc:dc:f8,P075,2019-11-05T20:16:33Z,2019-11-05T20:19:53Z,398519.428054305,332881.088994139,200,FALSE,,,,42.5177025384399,sensor_lake,30-50m
475,d0:7f:a0:fd:aa:cd,P066,2019-10-29T22:36:44Z,2019-10-29T22:43:04Z,398438.769521892,333019.454612517,380,FALSE,,,,5.99766864016777,sensor_203_front,<30m
476,d0:7f:a0:fd:aa:cd,P066,2019-10-31T20:57:55Z,2019-10-31T21:03:45Z,398473.775629478,333026.997055938,350,FALSE,,,,23.0971217661477,sensor_203_2nd,<30m
477,d0:7f:a0:fd:aa:cd,P066,2019-11-04T17:33:15Z,2019-11-04T17:42:55Z,398515.307329871,332868.930938778,580,FALSE,,,,30.8192850501664,sensor_lake,30-50m
478,d0:7f:a0:fd:aa:cd,P066,2019-11-05T11:53:11Z,2019-11-05T11:56:31Z,398336.361861925,333240.663560067,200,FALSE,,,,6.22355118182986,sensor_dorm_front,<30m
480,d0:7f:a0:fd:aa:cd,P066,2019-11-14T15:49:15Z,2019-11-14T15:58:50Z,398505.878180467,332808.903579122,575,FALSE,,,,41.4301157317647,sensor_lake,30-50m
481,d4:11:a3:f6:b9:db,P057,2019-11-12T16:04:38Z,2019-11-12T16:10:03Z,398666.332014266,332999.468397261,325,FALSE,,,,71.3824239588081,sensor_football_field_front,50-100m
483,f4:60:e2:d6:8d:2c,P094,2019-10-23T12:27:44Z,2019-10-23T12:32:24Z,398443.556512329,333129.565880912,280,FALSE,,,,34.7398815561342,sensor_gym_in,30-50m
486,f4:60:e2:d6:8d:2c,P094,2019-10-25T07:08:11Z,2019-10-25T07:11:56Z,398686.867867426,332962.468178416,225,FALSE,,,,31.4302557186437,sensor_bus_station,30-50m
488,f4:60:e2:d6:8d:2c,P094,2019-10-31T18:49:10Z,2019-10-31T18:52:10Z,398361.893512668,333011.927423805,180,FALSE,,,,38.298800167373,sensor_btw_TMB_library,30-50m
489,f4:60:e2:d6:8d:2c,P094,2019-10-31T21:12:05Z,2019-10-31T21:15:45Z,398364.472384146,333008.358993711,220,FALSE,,,,42.7007662329934,sensor_btw_TMB_library,30-50m
490,f4:60:e2:d6:8d:2c,P094,2019-11-04T13:48:05Z,2019-11-04T13:51:40Z,398362.690589378,333020.737577352,215,FALSE,,,,32.2934198247116,sensor_btw_TMB_library,30-50m
491,f4:60:e2:d6:8d:2c,P094,2019-11-05T13:25:57Z,2019-11-05T13:30:27Z,398446.762610556,333135.85030137,270,FALSE,,,,30.9532609725112,sensor_gym_in,30-50m
492,f4:60:e2:d6:8d:2c,P094,2019-11-05T15:35:39Z,2019-11-05T15:39:24Z,398357.81798971,333008.672772502,225,FALSE,,,,38.7970599528085,sensor_btw_TMB_library,30-50m
493,f4:60:e2:d6:8d:2c,P094,2019-11-06T10:05:10Z,2019-11-06T10:09:35Z,398441.073302259,333130.470306336,265,FALSE,,,,37.0412365935008,sensor_gym_in,30-50m
494,f4:60:e2:d6:8d:2c,P094,2019-11-06T11:35:39Z,2019-11-06T11:40:49Z,398527.752981724,332899.198934614,310,FALSE,,,,48.4906333044297,sensor_btw_201_102,30-50m
495,f4:60:e2:d6:8d:2c,P094,2019-11-06T17:19:36Z,2019-11-06T17:24:01Z,398335.054714037,332659.946516896,265,FALSE,,,,41.1786397659935,sensor_btw_110_112,30-50m
496,f4:60:e2:d6:8d:2c,P094,2019-11-07T15:50:10Z,2019-11-07T15:54:20Z,398545.661611747,332895.280012128,250,FALSE,,,,31.1645382926666,sensor_btw_201_102,30-50m
497,f4:60:e2:d6:8d:2c,P094,2019-11-08T15:44:28Z,2019-11-08T15:48:23Z,398342.017922367,332658.282425338,235,FALSE,,,,41.0436502919721,sensor_btw_110_112,30-50m
498,f4:60:e2:d6:8d:2c,P094,2019-11-08T18:07:11Z,2019-11-08T18:15:21Z,398704.012780419,332934.278293905,490,FALSE,,,,9.41423715217805,sensor_bus_station,<30m
499,f4:60:e2:d6:8d:2c,P094,2019-11-13T11:42:41Z,2019-11-13T11:46:46Z,398361.239075734,333011.516339135,245,FALSE,,,,38.2409806542647,sensor_btw_TMB_library,30-50m
500,f4:60:e2:d6:8d:2c,P094,2019-11-13T22:03:27Z,2019-11-13T22:06:57Z,398359.3066215,333018.385374228,210,FALSE,,,,31.6369314784049,sensor_btw_TMB_library,30-50m
504,f8:e9:4e:9d:96:3e,P062,2019-10-25T17:05:11Z,2019-10-25T17:09:51Z,398710.467566476,332929.275474856,280,FALSE,,,,15.8551071305014,sensor_bus_station,<30m
508,f8:e9:4e:9d:96:3e,P062,2019-11-05T17:15:49Z,2019-11-05T17:23:59Z,398482.641520426,332807.69398979,490,FALSE,,,,41.6401663421037,sensor_lake,30-50m
510,f8:e9:4e:9d:96:3e,P062,2019-11-08T09:52:23Z,2019-11-08T10:09:23Z,398447.2253378,333171.042023046,1020,FALSE,,,,7.38464784313272,sensor_gym_front,<30m
