id_stayGPS,source_address,nm_prsn,stayGPS_start,stayGPS_end,stayGPS_x,stayGPS_y,stayGPS_duration,matched,wifi_id,spatial_dist,time_overlap
2,00:5b:94:c3:90:bc,P096,2019-10-24T16:06:34Z,2019-10-24T16:15:24Z,398378.334960726,332933.835802463,530,TRUE,2,22.0761889681876,524
3,00:5b:94:c3:90:bc,P096,2019-10-28T12:30:37Z,2019-10-28T12:40:12Z,398703.901199704,332937.336921188,575,TRUE,3,10.4620326276127,575
6,00:cd:fe:17:e0:d0,P083,2019-10-21T12:23:53Z,2019-10-21T12:28:03Z,398380.239148856,333024.162380173,250,TRUE,6,62.9106357204368,243
8,00:cd:fe:17:e0:d0,P083,2019-10-28T17:26:20Z,2019-10-28T17:34:45Z,398707.79926792,332932.589616608,505,TRUE,8,12.9487453782853,305
13,00:cd:fe:17:e0:d0,P083,2019-11-13T18:07:14Z,2019-11-13T18:10:34Z,398705.446681502,332926.286311106,200,TRUE,12,12.0633501839304,146
14,08:ae:d6:01:a4:85,P046,2019-11-06T09:00:55Z,2019-11-06T09:06:35Z,398686.40824775,332968.432543128,340,TRUE,17,37.3308176237526,340
15,08:ae:d6:01:a4:85,P046,2019-11-08T02:13:06Z,2019-11-08T02:16:56Z,398569.853157957,333145.070567767,230,TRUE,18,8.0511624463208,230
16,08:ae:d6:01:a4:85,P046,2019-11-08T15:59:15Z,2019-11-08T16:08:20Z,398699.017169126,332929.931984361,545,TRUE,20,4.67451362140016,545
17,08:ae:d6:01:a4:85,P046,2019-11-13T17:37:04Z,2019-11-13T17:40:29Z,398717.578515888,332923.589022486,205,TRUE,21,24.2495034892996,205
19,08:ae:d6:11:24:7f,P067,2019-10-28T17:11:23Z,2019-10-28T17:21:08Z,398309.307465696,333259.982266152,585,TRUE,22,27.2886252918934,228
25,08:ae:d6:23:d6:53,P104,2019-10-25T08:33:35Z,2019-10-25T08:37:10Z,398695.101255329,332944.05729344,215,TRUE,31,11.9884385872332,215
26,08:ae:d6:23:d6:53,P104,2019-10-29T17:54:42Z,2019-10-29T17:58:57Z,398226.255603713,333267.050409243,255,TRUE,32,30.4875231900015,255
27,08:ae:d6:23:d6:53,P104,2019-11-01T17:13:56Z,2019-11-01T17:18:51Z,398364.702429067,332933.069070703,295,TRUE,33,30.3687936437871,224
30,08:ae:d6:23:d6:53,P104,2019-11-04T20:50:04Z,2019-11-04T20:53:39Z,398518.565045554,332892.880271914,215,TRUE,35,51.7522532691043,76
31,08:ae:d6:23:d6:53,P104,2019-11-06T20:17:17Z,2019-11-06T20:24:57Z,398333.532859475,333223.461400262,460,TRUE,37,19.5915248574305,223
37,08:ae:d6:28:34:bb,P101,2019-10-22T17:06:14Z,2019-10-22T17:11:04Z,398386.570051189,333142.657009218,290,TRUE,40,27.7103108065026,290
38,08:ae:d6:28:34:bb,P101,2019-10-24T17:31:11Z,2019-10-24T17:37:51Z,398698.321732366,332935.821028478,400,TRUE,43,5.10275202051585,331
39,08:ae:d6:28:34:bb,P101,2019-10-28T13:23:41Z,2019-10-28T13:27:01Z,398542.260492548,333159.504877403,200,TRUE,45,27.5068399513881,200
41,08:ae:d6:28:34:bb,P101,2019-10-29T22:41:15Z,2019-10-29T22:45:40Z,398381.576664168,333139.043733984,265,TRUE,47,26.5859165742372,265
44,08:ae:d6:28:34:bb,P101,2019-10-31T17:37:03Z,2019-10-31T17:40:33Z,398706.061407206,332937.208850665,210,TRUE,50,12.3225854884518,210
45,08:ae:d6:28:34:bb,P101,2019-11-12T10:21:10Z,2019-11-12T10:24:35Z,398706.221781334,332933.340821871,205,TRUE,52,11.4315948061755,150
48,08:ae:d6:28:34:bb,P101,2019-11-14T17:33:46Z,2019-11-14T17:40:11Z,398698.803279781,332932.126950437,385,TRUE,53,3.94277124622674,94
49,08:ae:d6:4c:38:d9,P009,2019-10-22T16:36:04Z,2019-10-22T16:40:49Z,398711.14935576,332921.001713706,285,TRUE,54,19.6938743557373,176
50,08:ae:d6:4c:38:d9,P009,2019-10-31T16:46:52Z,2019-10-31T16:51:17Z,398346.580336699,333109.536251516,265,TRUE,58,53.0209588367803,217
52,08:ae:d6:4c:38:d9,P009,2019-11-10T18:18:07Z,2019-11-10T18:31:22Z,398697.203548506,332962.172552666,795,TRUE,60,30.1923093408529,300
54,08:ae:d6:51:4d:85,P098,2019-10-25T16:40:55Z,2019-10-25T16:45:00Z,398573.16847091,333130.94098132,245,TRUE,72,22.5240318613076,245
55,08:ae:d6:51:4d:85,P098,2019-10-25T17:07:40Z,2019-10-25T17:11:00Z,398694.341775058,332962.900267145,200,TRUE,75,30.8333731067932,160
56,08:ae:d6:51:4d:85,P098,2019-10-28T12:06:02Z,2019-10-28T12:09:57Z,398721.236746505,332923.246614811,235,TRUE,77,27.8129399039547,118
57,08:ae:d6:51:4d:85,P098,2019-10-30T17:19:05Z,2019-10-30T17:26:50Z,398705.65014744,332936.417952652,465,TRUE,78,11.6319181360237,465
59,08:ae:d6:51:4d:85,P098,2019-11-14T11:39:25Z,2019-11-14T11:42:25Z,398712.118024508,332925.537996407,180,TRUE,79,18.4524219592981,180
60,08:ae:d6:5e:ec:bb,P092,2019-10-26T17:36:36Z,2019-10-26T17:40:00Z,398709.313321282,332929.666799007,204,TRUE,81,14.6510710620021,204
62,08:ae:d6:5e:ec:bb,P092,2019-10-30T18:05:50Z,2019-10-30T18:09:35Z,398707.435525785,332933.758277248,225,TRUE,86,12.6872842050749,115
64,08:ae:d6:5e:ec:bb,P092,2019-11-01T15:38:28Z,2019-11-01T15:48:48Z,398393.68506583,332981.330539792,620,TRUE,88,27.8995537265554,180
67,08:ae:d6:63:49:ef,P031,2019-10-28T03:06:11Z,2019-10-28T03:09:31Z,398335.140966687,333228.26394903,200,TRUE,93,15.2711911685365,149
68,08:ae:d6:63:49:ef,P031,2019-10-28T15:54:44Z,2019-10-28T16:02:19Z,398307.844537118,333273.870929156,455,TRUE,94,38.4511216234567,455
71,08:ae:d6:63:49:ef,P031,2019-11-01T08:43:56Z,2019-11-01T08:48:16Z,398381.117352607,332979.660265405,260,TRUE,95,25.7560949289512,176
78,08:ae:d6:63:49:ef,P031,2019-11-04T19:39:50Z,2019-11-04T19:44:10Z,398514.152479973,332859.955028882,260,TRUE,97,24.6144806078706,170
79,08:ae:d6:63:49:ef,P031,2019-11-04T19:46:15Z,2019-11-04T19:53:20Z,398523.975212604,332887.84192461,425,TRUE,98,50.630370196035,145
82,08:ae:d6:65:75:23,P028,2019-10-27T13:34:25Z,2019-10-27T13:37:50Z,398706.662112583,332925.291451006,205,TRUE,104,13.6100862209621,205
83,08:ae:d6:65:75:23,P028,2019-10-27T18:05:19Z,2019-10-27T18:09:39Z,398708.263297015,332924.818094329,260,TRUE,105,15.2391822292902,260
84,08:ae:d6:65:75:23,P028,2019-10-30T12:49:16Z,2019-10-30T12:54:41Z,398437.691281193,333014.410375767,325,TRUE,106,4.75326414068579,324
88,08:ae:d6:65:75:23,P028,2019-11-02T09:53:30Z,2019-11-02T09:56:30Z,398230.701837562,333236.956207698,180,TRUE,108,21.0132514285322,180
92,08:ae:d6:65:75:23,P028,2019-11-08T17:54:40Z,2019-11-08T17:59:50Z,398703.060045399,332935.439626184,310,TRUE,109,8.86407447552868,310
95,08:ae:d6:a4:5a:c3,P036,2019-11-01T13:28:15Z,2019-11-01T13:36:50Z,398696.040568314,332959.227084533,515,TRUE,112,27.1814307053079,515
96,08:ae:d6:a4:5a:c3,P036,2019-11-06T17:06:48Z,2019-11-06T17:09:53Z,398710.29376026,332935.961750237,185,TRUE,114,15.9156840787945,185
97,08:ae:d6:a4:5a:c3,P036,2019-11-12T02:17:52Z,2019-11-12T02:21:27Z,398412.18306065,332949.297323,215,TRUE,115,26.396726430251,180
98,08:ae:d6:ab:44:71,P033,2019-10-28T12:30:44Z,2019-10-28T12:34:49Z,398700.281255872,332937.326772686,245,TRUE,118,7.5498744812944,245
99,08:ae:d6:ab:44:71,P033,2019-11-02T15:16:51Z,2019-11-02T15:25:46Z,398696.110703669,332953.7361843,535,TRUE,122,21.7009390350452,535
100,08:ae:d6:ab:44:71,P033,2019-11-02T15:29:26Z,2019-11-02T15:33:06Z,398703.575183759,332939.624469752,220,TRUE,123,11.5321125482711,220
101,08:ae:d6:ab:44:71,P033,2019-11-02T15:37:21Z,2019-11-02T15:43:56Z,398704.999055812,332950.712545434,395,TRUE,124,21.2197908096286,395
107,08:ae:d6:ab:44:71,P033,2019-11-04T21:44:52Z,2019-11-04T21:48:52Z,398346.42696572,333242.035504941,240,TRUE,127,15.922290430892,228
110,10:f1:f2:0c:51:dc,P063,2019-10-25T16:50:11Z,2019-10-25T16:53:16Z,398708.289515251,332938.646034424,185,TRUE,133,14.9517644101797,185
111,10:f1:f2:0c:51:dc,P063,2019-10-25T16:54:41Z,2019-10-25T16:57:56Z,398702.935367328,332935.322887584,195,TRUE,133,8.70459914968575,195
115,10:f1:f2:0c:51:dc,P063,2019-11-02T12:07:11Z,2019-11-02T12:12:06Z,398697.565758666,332958.296481231,295,TRUE,137,26.364336587287,289
120,10:f1:f2:0c:51:dc,P063,2019-11-04T18:55:57Z,2019-11-04T19:06:12Z,398519.582096404,332889.854872374,615,TRUE,139,49.7054685650387,252
122,10:f1:f2:0c:51:dc,P063,2019-11-04T20:59:40Z,2019-11-04T21:06:10Z,398528.029826002,332862.147906027,390,TRUE,140,62.2309762976702,230
123,10:f1:f2:0c:51:dc,P063,2019-11-06T18:05:43Z,2019-11-06T18:17:48Z,398700.79376926,332937.318575072,725,TRUE,146,7.92042831324587,220
126,10:f1:f2:0c:51:dc,P063,2019-11-08T18:38:24Z,2019-11-08T18:41:34Z,398703.90448637,332936.112708495,190,TRUE,148,9.90553842921361,190
128,10:f1:f2:0c:51:dc,P063,2019-11-11T15:53:23Z,2019-11-11T15:58:08Z,398379.227276085,332942.299649723,285,TRUE,149,14.0356817935273,257
129,10:f1:f2:0c:51:dc,P063,2019-11-14T19:11:47Z,2019-11-14T19:18:42Z,398702.236607597,332946.206493587,415,TRUE,150,15.9438307073724,415
132,18:83:31:b4:0b:f5,P003,2019-11-07T12:17:56Z,2019-11-07T12:25:01Z,398708.109554216,332930.220277019,425,TRUE,152,13.3773295379563,284
134,2c:33:61:97:88:76,P024,2019-10-28T12:37:54Z,2019-10-28T12:41:34Z,398474.718087659,332811.922583511,220,TRUE,154,40.3701424535499,26
135,2c:33:61:97:88:76,P024,2019-10-29T18:28:42Z,2019-10-29T18:39:47Z,398702.811055381,332937.63001154,665,TRUE,155,9.70075310302513,665
136,2c:33:61:97:88:76,P024,2019-11-03T12:51:11Z,2019-11-03T13:00:26Z,398714.678115151,332925.703905678,555,TRUE,156,20.815023502746,169
144,48:60:5f:6b:68:e4,P059,2019-10-26T13:02:06Z,2019-10-26T13:09:56Z,398710.508332157,332934.533689003,470,TRUE,167,15.8400003588713,174
145,50:77:05:18:53:dd,P035,2019-11-03T15:20:09Z,2019-11-03T15:34:54Z,398388.664651546,333030.435986591,885,TRUE,174,56.023746583518,180
148,50:77:05:18:53:dd,P035,2019-11-08T16:48:32Z,2019-11-08T16:53:57Z,398699.721968676,332931.401339449,325,TRUE,175,4.9070124081835,157
150,50:77:05:45:79:93,P051,2019-10-30T14:12:14Z,2019-10-30T14:20:29Z,398512.296089414,332808.546323222,495,TRUE,178,44.234965244623,206
151,50:77:05:45:79:93,P051,2019-10-31T19:27:46Z,2019-10-31T19:31:51Z,398597.763183635,332915.907742421,245,TRUE,179,25.9094791463743,151
152,50:77:05:94:d9:78,P064,2019-10-26T17:25:20Z,2019-10-26T17:29:50Z,398721.987975411,332922.251700323,270,TRUE,185,28.849644077128,270
153,50:77:05:94:d9:78,P064,2019-10-29T19:07:14Z,2019-10-29T19:14:14Z,398710.502990692,332943.11075163,420,TRUE,189,19.1453707535903,420
155,50:77:05:94:d9:78,P064,2019-10-31T16:58:19Z,2019-10-31T17:10:14Z,398702.936645995,332934.44800245,715,TRUE,191,8.41822592272098,634
156,50:77:05:94:d9:78,P064,2019-11-01T19:07:08Z,2019-11-01T19:13:03Z,398698.516675057,332945.852436624,355,TRUE,192,14.2578183276242,355
157,50:77:05:94:d9:78,P064,2019-11-02T23:39:53Z,2019-11-02T23:45:33Z,398326.38620469,333256.601055329,340,TRUE,195,14.3883737972327,340
158,50:77:05:94:d9:78,P064,2019-11-08T19:07:03Z,2019-11-08T19:17:13Z,398698.978942911,332948.72801478,610,TRUE,201,17.1582514486763,610
161,50:77:05:94:d9:78,P064,2019-11-12T19:05:49Z,2019-11-12T19:11:29Z,398711.082996668,332929.917220177,340,TRUE,202,16.3644819332317,340
162,50:77:05:94:d9:78,P064,2019-11-14T17:17:34Z,2019-11-14T17:20:59Z,398692.234223441,332944.006462953,205,TRUE,203,12.2208183638427,205
163,50:77:05:94:d9:78,P064,2019-11-14T17:25:39Z,2019-11-14T17:30:09Z,398708.668917445,332931.758154563,270,TRUE,204,13.8115652258097,270
166,50:77:05:bc:73:a0,P030,2019-11-04T20:47:08Z,2019-11-04T20:50:18Z,398526.878733128,332888.756970401,190,TRUE,214,53.1769595409959,172
167,50:77:05:bc:73:a0,P030,2019-11-06T17:03:39Z,2019-11-06T17:09:54Z,398708.47042013,332928.866457062,375,TRUE,216,13.9817659808674,301
168,50:77:05:bc:73:a0,P030,2019-11-07T16:49:20Z,2019-11-07T16:55:40Z,398695.85970794,332934.392501771,380,TRUE,219,2.52700538540412,200
169,50:77:05:bc:73:a0,P030,2019-11-08T16:27:41Z,2019-11-08T16:38:31Z,398697.812645109,332941.784709975,650,TRUE,220,10.1520348568274,650
170,50:77:05:bc:73:a0,P030,2019-11-09T14:16:06Z,2019-11-09T14:24:06Z,398700.842146083,332933.43781974,480,TRUE,221,6.13536930141095,480
171,50:77:05:bc:73:a0,P030,2019-11-10T04:30:04Z,2019-11-10T04:33:59Z,398652.028871279,333219.870580821,235,TRUE,222,1.90852554205025,235
172,50:77:05:bc:73:a0,P030,2019-11-10T21:22:48Z,2019-11-10T21:32:23Z,398426.077678137,333218.059709504,575,TRUE,223,17.4709797422484,200
178,64:7b:ce:3a:af:36,P049,2019-10-21T17:38:19Z,2019-10-21T17:44:24Z,398710.84042596,332931.683296169,365,TRUE,233,15.984233229146,244
179,64:7b:ce:3a:af:36,P049,2019-10-22T09:37:59Z,2019-10-22T09:40:59Z,398706.815271544,332930.992122567,180,TRUE,235,12.0029789370171,180
185,64:7b:ce:3a:af:36,P049,2019-11-02T09:37:28Z,2019-11-02T09:40:28Z,398709.342452123,332932.712540571,180,TRUE,237,14.4957419568223,112
196,64:7b:ce:56:ca:24,P034,2019-10-22T18:10:07Z,2019-10-22T18:14:47Z,398703.52505647,332932.300582888,280,TRUE,245,8.66718888333531,280
197,64:7b:ce:56:ca:24,P034,2019-10-22T18:16:42Z,2019-10-22T18:20:07Z,398707.830115461,332928.455845814,205,TRUE,245,13.4637199652706,205
208,64:7b:ce:8c:d8:e4,P018,2019-10-24T19:21:11Z,2019-10-24T19:30:01Z,398340.450068456,333255.461524883,530,TRUE,251,16.0723840306119,529
209,64:7b:ce:8c:d8:e4,P018,2019-10-30T19:02:46Z,2019-10-30T19:19:26Z,398703.086648848,332933.569390867,1000,TRUE,253,8.36105837778513,294
211,64:7b:ce:8c:d8:e4,P018,2019-11-07T11:52:06Z,2019-11-07T11:56:11Z,398636.24063422,332802.431305245,245,TRUE,255,24.5780402756269,245
212,64:7b:ce:8c:d8:e4,P018,2019-11-08T18:06:23Z,2019-11-08T18:09:58Z,398706.362999124,332934.543034361,215,TRUE,256,11.7646882331754,215
214,64:7b:ce:8c:d8:e4,P018,2019-11-12T17:05:47Z,2019-11-12T17:09:42Z,398707.117693301,332923.018499868,235,TRUE,257,15.2375025950227,233
218,64:89:f1:45:aa:21,P027,2019-11-08T17:54:34Z,2019-11-08T18:00:24Z,398707.911166565,332926.244083146,350,TRUE,259,14.2921465490213,344
221,64:89:f1:50:ab:c7,P005,2019-11-03T22:33:39Z,2019-11-03T22:50:04Z,398358.460994686,332749.398526765,985,TRUE,262,60.3689245534743,180
223,6c:e8:5c:cd:6f:8c,P039,2019-10-23T08:36:55Z,2019-10-23T08:41:15Z,398469.212657862,333173.933744996,260,TRUE,266,29.5592850902676,255
226,6c:e8:5c:cd:6f:8c,P039,2019-11-03T13:12:31Z,2019-11-03T13:16:01Z,398363.976583731,332640.019355549,210,TRUE,268,85.437496353628,189
231,6c:e8:5c:d8:f0:9d,P044,2019-10-21T17:16:52Z,2019-10-21T17:20:02Z,398359.943523974,333014.819511527,190,TRUE,270,34.8160335070905,180
235,70:70:0d:9c:f4:48,P071,2019-10-23T18:30:32Z,2019-10-23T18:49:32Z,398706.49079385,332928.474847684,1140,TRUE,272,12.1732741299058,800
236,70:70:0d:9c:f4:48,P071,2019-10-25T14:02:59Z,2019-10-25T14:09:34Z,398710.228890559,332931.906549728,395,TRUE,274,15.3688714474647,294
237,70:70:0d:9c:f4:48,P071,2019-11-08T16:04:58Z,2019-11-08T16:10:13Z,398716.050455028,332922.812405369,315,TRUE,275,23.124092164405,173
239,70:70:0d:d9:32:42,P014,2019-10-26T17:30:20Z,2019-10-26T17:36:10Z,398696.876348726,332934.673881552,350,TRUE,276,3.29175361888732,180
242,70:70:0d:d9:32:42,P014,2019-11-05T18:26:59Z,2019-11-05T18:39:39Z,398707.830001939,332937.224368619,760,TRUE,281,13.9553588508859,220
243,70:70:0d:d9:32:42,P014,2019-11-13T14:27:31Z,2019-11-13T14:35:01Z,398708.21480694,332938.84479349,450,TRUE,282,14.9735592855055,269
246,74:9e:af:23:2a:76,P073,2019-10-28T16:41:13Z,2019-10-28T16:45:18Z,398701.201745462,332943.300956422,245,TRUE,283,12.8962118172426,245
247,74:9e:af:4c:34:e4,P070,2019-10-25T16:05:04Z,2019-10-25T16:08:24Z,398701.07933587,332940.401697628,200,TRUE,290,10.3954335437557,200
248,74:9e:af:4c:34:e4,P070,2019-11-09T13:16:55Z,2019-11-09T13:25:00Z,398706.647596181,332937.872913716,485,TRUE,301,13.1371723837235,425
249,74:9e:af:4c:34:e4,P070,2019-11-10T08:02:28Z,2019-11-10T08:10:03Z,398708.519124288,332927.649383747,455,TRUE,302,14.3561858082434,180
250,74:9e:af:4c:34:e4,P070,2019-11-12T17:34:42Z,2019-11-12T17:39:57Z,398706.251336002,332930.224851491,315,TRUE,303,11.5391174865863,278
252,74:b5:87:97:2b:1c,P004,2019-10-25T21:26:38Z,2019-10-25T21:30:53Z,398330.632166753,333259.840083409,255,TRUE,308,17.0199243911036,180
257,78:67:d7:3b:c4:fc,P007,2019-11-04T17:50:18Z,2019-11-04T18:09:53Z,398515.736961738,332881.850374918,1175,TRUE,309,40.9121813306339,180
258,78:67:d7:3b:c4:fc,P007,2019-11-04T18:20:47Z,2019-11-04T18:25:37Z,398514.700334967,332895.390699019,290,TRUE,310,54.6142927840414,137
260,88:9f:6f:06:1e:02,P017,2019-10-25T16:35:38Z,2019-10-25T16:40:48Z,398325.111511122,333239.634955204,310,TRUE,315,6.28037883427258,148
270,88:9f:6f:84:53:98,P061,2019-11-03T17:02:47Z,2019-11-03T17:08:22Z,398398.620805623,333040.82851521,335,TRUE,325,51.0098952750499,220
275,88:9f:6f:84:53:98,P061,2019-11-07T17:35:19Z,2019-11-07T17:40:54Z,398711.651702208,332920.691794105,335,TRUE,327,20.2835727809862,201
276,88:9f:6f:84:53:98,P061,2019-11-08T09:56:20Z,2019-11-08T10:01:55Z,398436.271430876,333175.041878266,335,TRUE,329,6.32706740866579,80
280,88:9f:6f:84:53:98,P061,2019-11-13T10:11:25Z,2019-11-13T10:15:15Z,398461.922212222,333034.229252412,230,TRUE,332,27.5832972651781,175
297,90:e1:7b:6f:32:9e,P093,2019-10-26T23:50:11Z,2019-10-26T23:54:41Z,398362.391749884,333017.366310852,270,TRUE,336,34.4512746935749,169
299,90:e1:7b:6f:32:9e,P093,2019-10-27T16:22:19Z,2019-10-27T16:27:09Z,398360.990101422,333012.397526269,290,TRUE,337,37.3822283820678,189
305,90:e1:7b:6f:32:9e,P093,2019-10-30T19:14:49Z,2019-10-30T19:21:04Z,398301.930165821,333270.408631776,375,TRUE,338,39.7330391606269,164
315,94:76:b7:0e:9e:d5,P089,2019-10-21T22:26:20Z,2019-10-21T22:29:55Z,398720.62379778,332919.910615529,215,TRUE,341,28.4887379973272,215
316,94:76:b7:0e:9e:d5,P089,2019-10-22T22:35:25Z,2019-10-22T22:40:45Z,398703.202704404,332921.96231644,320,TRUE,342,13.1063534771823,320
317,94:76:b7:0e:9e:d5,P089,2019-10-24T18:16:34Z,2019-10-24T18:19:49Z,398712.089719684,332935.453813223,195,TRUE,344,17.5577276926436,195
318,94:76:b7:0e:9e:d5,P089,2019-10-28T18:07:29Z,2019-10-28T18:11:19Z,398709.401768557,332911.8389162,230,TRUE,345,24.9155518416128,131
319,94:76:b7:0e:9e:d5,P089,2019-10-29T17:27:53Z,2019-10-29T17:32:48Z,398709.897321456,332923.794530654,295,TRUE,346,17.1638643438648,295
324,94:76:b7:0e:9e:d5,P089,2019-11-07T22:23:14Z,2019-11-07T22:29:44Z,398707.456157932,332938.638183734,390,TRUE,350,14.2043973985848,180
328,94:8b:c1:00:4d:b8,P102,2019-11-06T17:35:47Z,2019-11-06T17:38:52Z,398701.846578371,332937.844715207,185,TRUE,359,9.06269332847011,185
335,94:8b:c1:00:4d:b8,P102,2019-11-14T18:07:14Z,2019-11-14T18:10:24Z,398683.593524264,332922.919581282,190,TRUE,367,14.5157535811959,166
337,94:8b:c1:56:72:0a,P041,2019-10-26T21:25:51Z,2019-10-26T21:30:11Z,398391.988473022,332966.057232637,260,TRUE,371,12.9495551698751,171
339,94:8b:c1:56:72:0a,P041,2019-10-27T12:53:08Z,2019-10-27T12:56:43Z,398691.896737685,332934.855665399,215,TRUE,372,4.06683627503007,215
340,94:8b:c1:56:72:0a,P041,2019-10-27T13:00:33Z,2019-10-27T13:04:58Z,398700.330844963,332938.982521,265,TRUE,373,8.81395171118557,265
341,94:8b:c1:56:72:0a,P041,2019-11-01T17:43:12Z,2019-11-01T17:54:27Z,398697.053451564,332945.994851667,675,TRUE,374,14.0951606696001,675
342,94:8b:c1:56:72:0a,P041,2019-11-05T17:34:18Z,2019-11-05T17:56:28Z,398514.648972876,332882.81388418,1330,TRUE,378,41.115195444223,220
346,94:8b:c1:56:72:0a,P041,2019-11-08T20:27:20Z,2019-11-08T20:31:05Z,398232.880104095,333254.046636095,225,TRUE,379,17.778704892763,225
348,94:8b:c1:94:4a:c4,P100,2019-10-21T20:28:58Z,2019-10-21T20:32:13Z,398317.953714696,333258.103813569,195,TRUE,380,19.7886994078895,195
351,94:8b:c1:94:4a:c4,P100,2019-11-07T18:03:25Z,2019-11-07T18:17:35Z,398366.902128285,333239.411439577,850,TRUE,385,45.4563157994776,275
353,9c:f4:8e:10:3c:44,P060,2019-10-23T12:16:25Z,2019-10-23T12:25:25Z,398705.555681524,332936.732349946,540,TRUE,386,11.6663632309023,355
354,9c:f4:8e:10:3c:44,P060,2019-10-29T12:32:02Z,2019-10-29T12:38:42Z,398490.383305509,332875.731706399,400,TRUE,387,27.6822995950669,342
355,9c:f4:8e:10:3c:44,P060,2019-10-30T11:04:43Z,2019-10-30T11:10:18Z,398703.913213889,332930.293498915,335,TRUE,388,9.22522653779873,335
357,9c:f4:8e:10:3c:44,P060,2019-11-04T17:25:48Z,2019-11-04T17:32:08Z,398702.953201797,332934.303893583,380,TRUE,389,8.39463828649014,280
358,a4:5e:60:7b:f8:e0,P072,2019-10-31T11:51:41Z,2019-10-31T12:05:31Z,398701.839111788,332941.655536077,830,TRUE,392,11.8555335815535,380
359,a4:5e:60:7b:f8:e0,P072,2019-11-12T12:29:28Z,2019-11-12T12:33:18Z,398339.842168603,333099.771098374,230,TRUE,393,57.2665084562722,52
361,a8:2b:b9:0e:01:3c,P026,2019-10-22T15:11:19Z,2019-10-22T15:24:34Z,398706.807744202,332942.569022511,795,TRUE,396,15.9037720963644,795
362,a8:2b:b9:0e:01:3c,P026,2019-10-28T16:41:36Z,2019-10-28T16:44:36Z,398719.90783689,332922.913310468,180,TRUE,397,26.6686535000259,104
365,a8:2b:b9:27:e6:dc,P086,2019-10-30T14:32:09Z,2019-10-30T14:35:19Z,398702.595148464,332936.069597714,190,TRUE,404,8.70662047368901,190
367,a8:2b:b9:27:e6:dc,P086,2019-11-08T12:47:08Z,2019-11-08T12:55:38Z,398473.517972072,333023.773982184,510,TRUE,405,32.3780150544798,510
369,a8:2b:b9:42:e5:2a,P032,2019-10-27T14:47:51Z,2019-10-27T14:56:36Z,398700.542161547,332937.340932317,525,TRUE,408,7.74894259505864,196
370,a8:2b:b9:42:e5:2a,P032,2019-10-30T17:24:54Z,2019-10-30T17:29:19Z,398701.078545373,332936.16183731,265,TRUE,409,7.44257197662211,265
371,a8:2b:b9:42:e5:2a,P032,2019-11-01T17:03:16Z,2019-11-01T17:08:11Z,398704.716137468,332940.142450995,295,TRUE,410,12.7385133242457,295
373,a8:2b:b9:42:e5:2a,P032,2019-11-07T22:34:25Z,2019-11-07T22:37:45Z,398649.688790188,333211.704793106,200,TRUE,411,8.60381666072439,200
374,a8:2b:b9:42:e5:2a,P032,2019-11-08T12:17:04Z,2019-11-08T12:21:34Z,398325.964099861,333278.608109931,270,TRUE,412,36.0769439025374,234
375,a8:2b:b9:52:71:a8,P090,2019-10-28T18:07:34Z,2019-10-28T18:10:59Z,398706.002580464,332929.814190728,205,TRUE,414,11.3679983072866,205
376,a8:2b:b9:52:71:a8,P090,2019-10-30T20:20:04Z,2019-10-30T20:25:14Z,398716.043509959,332931.13995954,310,TRUE,416,21.2030709449234,310
377,a8:2b:b9:52:71:a8,P090,2019-11-01T20:22:16Z,2019-11-01T20:25:16Z,398709.957325922,332926.797039332,180,TRUE,418,15.9912311104179,180
378,a8:2b:b9:52:71:a8,P090,2019-11-05T20:52:49Z,2019-11-05T20:55:49Z,398519.018443588,332894.555238862,180,TRUE,420,53.4301365431202,29
379,a8:2b:b9:52:71:a8,P090,2019-11-05T20:56:14Z,2019-11-05T21:04:39Z,398520.290034271,332892.512395683,505,TRUE,420,52.3277805378241,126
381,a8:2b:b9:52:71:a8,P090,2019-11-07T22:23:08Z,2019-11-07T22:29:48Z,398706.012657865,332938.394614902,400,TRUE,421,12.8197669177478,400
382,a8:2b:b9:67:8e:62,P047,2019-10-23T15:18:11Z,2019-10-23T15:23:06Z,398600.433502975,332932.367840056,295,TRUE,426,94.4278645591244,209
383,a8:2b:b9:67:8e:62,P047,2019-11-11T17:11:55Z,2019-11-11T17:15:45Z,398680.300017355,332936.985372615,230,TRUE,427,15.3677524170359,205
389,a8:2b:b9:ea:16:d8,P037,2019-11-05T13:56:13Z,2019-11-05T14:04:53Z,398469.09489615,332914.033871641,520,TRUE,433,33.2293049446223,127
399,a8:2b:b9:eb:56:7e,P069,2019-11-06T14:50:02Z,2019-11-06T14:58:17Z,398367.090221459,332921.942959855,495,TRUE,438,37.7354826074142,260
402,a8:2b:b9:eb:56:7e,P069,2019-11-10T18:33:25Z,2019-11-10T18:36:35Z,398314.131404476,333271.872361214,190,TRUE,440,33.3575917510226,95
404,a8:2b:b9:eb:56:7e,P069,2019-11-12T18:37:08Z,2019-11-12T18:41:38Z,398375.97929005,333223.618138156,270,TRUE,443,33.9164255069889,180
406,a8:2b:b9:eb:56:7e,P069,2019-11-13T18:21:12Z,2019-11-13T18:26:47Z,398379.272199079,333233.616348558,335,TRUE,445,31.9064456704709,187
407,a8:2b:b9:fb:ea:27,P001,2019-10-26T09:18:27Z,2019-10-26T09:22:37Z,398325.508003752,333234.500669664,250,TRUE,446,9.71494814776535,173
408,a8:2b:b9:fb:ea:27,P001,2019-10-28T23:06:43Z,2019-10-28T23:10:58Z,398326.185314644,333245.209294468,255,TRUE,447,4.95286251366763,197
410,a8:2b:b9:fb:ea:27,P001,2019-11-04T22:18:59Z,2019-11-04T22:26:39Z,398519.754360202,332854.062683923,460,TRUE,449,94.1965019117105,240
411,a8:2b:b9:fb:ea:27,P001,2019-11-05T19:38:31Z,2019-11-05T19:46:31Z,398518.189626997,332893.020118211,480,TRUE,450,51.6860399697062,180
413,a8:2b:b9:fb:ea:27,P001,2019-11-09T11:24:31Z,2019-11-09T11:28:21Z,398322.47214882,333243.362888084,230,TRUE,451,8.07013635674594,189
415,ac:5f:3e:7b:6d:6e,P106,2019-10-21T17:35:56Z,2019-10-21T17:39:11Z,398710.181380534,332933.736469058,195,TRUE,452,15.4107097501743,195
417,ac:5f:3e:7b:6d:6e,P106,2019-10-25T17:58:35Z,2019-10-25T18:03:15Z,398700.61200617,332929.608593471,280,TRUE,453,6.2561929379598,205
418,ac:5f:3e:7b:6d:6e,P106,2019-10-27T13:34:56Z,2019-10-27T13:45:06Z,398699.478530951,332937.266217789,610,TRUE,454,6.95054233628526,484
420,ac:5f:3e:7b:6d:6e,P106,2019-10-30T17:55:20Z,2019-10-30T18:00:25Z,398712.300038136,332930.354871246,305,TRUE,456,17.5233981309608,305
421,ac:5f:3e:7b:6d:6e,P106,2019-11-01T19:45:17Z,2019-11-01T19:52:07Z,398703.33070612,332940.808046362,410,TRUE,457,12.1683582592999,410
422,ac:5f:3e:7b:6d:6e,P106,2019-11-02T07:31:43Z,2019-11-02T07:37:33Z,398698.451837162,332951.472701969,350,TRUE,458,19.7309551966043,177
425,ac:5f:3e:7b:6d:6e,P106,2019-11-03T13:35:13Z,2019-11-03T13:38:13Z,398377.804342816,332967.982907851,180,TRUE,460,15.9911191646255,180
431,ac:af:b9:ff:1f:4e,P052,2019-10-28T15:35:06Z,2019-10-28T15:39:46Z,398474.878663173,332931.428801359,280,TRUE,464,91.5257775127554,214
436,b0:70:2d:67:cb:ec,P006,2019-10-23T17:09:55Z,2019-10-23T17:17:40Z,398370.821869106,332932.601191118,465,TRUE,469,26.7527726723413,340
437,b0:70:2d:67:cb:ec,P006,2019-10-24T18:17:03Z,2019-10-24T18:20:03Z,398708.427257708,332934.177510468,180,TRUE,470,13.7288850544262,180
440,b0:70:2d:67:cb:ec,P006,2019-11-05T16:16:04Z,2019-11-05T16:36:14Z,398507.913036025,332871.495712869,1210,TRUE,475,27.953130763804,274
441,b0:70:2d:67:cb:ec,P006,2019-11-08T11:57:51Z,2019-11-08T12:04:51Z,398717.876431244,332920.547185813,420,TRUE,476,25.7394441503314,360
442,b0:70:2d:67:cb:ec,P006,2019-11-10T18:18:16Z,2019-11-10T18:31:16Z,398698.669191614,332964.071521893,780,TRUE,478,32.2260693393041,320
445,bc:fe:d9:02:87:05,P097,2019-11-06T17:24:54Z,2019-11-06T17:33:49Z,398442.108152691,333189.595979331,535,TRUE,481,19.8341052819553,186
447,bc:fe:d9:02:87:05,P097,2019-11-10T18:05:48Z,2019-11-10T18:10:43Z,398709.583107785,332927.665643745,295,TRUE,482,15.367265317716,232
451,c0:a6:00:15:18:ed,P021,2019-10-30T21:52:14Z,2019-10-30T21:55:24Z,398719.868531265,332916.620465482,190,TRUE,484,29.3957262489429,126
455,c0:a6:00:15:18:ed,P021,2019-11-03T13:48:21Z,2019-11-03T13:58:41Z,398413.314616952,333021.156583616,620,TRUE,485,29.826178426328,301
457,c0:a6:00:15:18:ed,P021,2019-11-05T09:00:31Z,2019-11-05T09:05:26Z,398710.038813793,332944.744948772,295,TRUE,487,19.7734995843034,169
459,c0:a6:00:15:18:ed,P021,2019-11-14T09:06:36Z,2019-11-14T09:10:26Z,398708.125931423,332938.725495661,230,TRUE,489,14.8404785451908,186
460,c0:a6:00:c2:13:1d,P056,2019-10-25T15:59:28Z,2019-10-25T16:04:03Z,398699.236799738,332953.664211928,275,TRUE,491,22.0318828465791,275
461,c0:a6:00:c2:13:1d,P056,2019-10-25T16:05:28Z,2019-10-25T16:20:43Z,398698.324664228,332959.959698891,915,TRUE,491,28.1027120293402,12
462,c0:a6:00:c2:13:1d,P056,2019-10-30T11:52:53Z,2019-10-30T12:04:53Z,398711.783929725,332928.95273331,720,TRUE,493,17.2079664985386,180
464,c0:a6:00:cb:71:ff,P011,2019-10-24T18:04:39Z,2019-10-24T18:10:24Z,398722.064270678,332923.228821612,345,TRUE,494,28.6044065592845,141
466,c0:a6:00:cb:71:ff,P011,2019-11-04T17:40:15Z,2019-11-04T17:45:00Z,398702.205095703,332932.358118547,285,TRUE,495,7.34979383320059,200
468,c0:a6:00:cb:71:ff,P011,2019-11-08T18:05:27Z,2019-11-08T18:15:17Z,398697.723669316,332933.268377368,590,TRUE,496,3.10298519336076,590
469,c0:a6:00:cb:71:ff,P011,2019-11-10T18:25:24Z,2019-11-10T18:31:14Z,398705.047366944,332944.011435004,350,TRUE,497,15.6949591927517,276
472,c4:61:8b:b7:bc:93,P074,2019-11-11T19:08:11Z,2019-11-11T19:20:01Z,398709.718271009,332928.336613621,710,TRUE,501,15.3195638663751,421
474,d0:7f:a0:fd:aa:cd,P066,2019-10-28T17:09:38Z,2019-10-28T17:21:23Z,398326.880607906,333252.223908189,705,TRUE,506,10.0845734250308,240
479,d0:7f:a0:fd:aa:cd,P066,2019-11-05T15:34:42Z,2019-11-05T15:40:22Z,398703.114029048,332937.185899048,340,TRUE,509,9.70945910314986,122
482,d4:11:a3:f6:b9:db,P057,2019-11-14T16:01:27Z,2019-11-14T16:08:47Z,398710.12747727,332926.641970045,440,TRUE,514,16.2032578481422,227
484,f4:60:e2:d6:8d:2c,P094,2019-10-24T15:17:18Z,2019-10-24T15:21:03Z,398697.597358757,332953.829364843,225,TRUE,517,21.9295035871516,225
485,f4:60:e2:d6:8d:2c,P094,2019-10-24T15:22:43Z,2019-10-24T15:25:58Z,398698.669732652,332948.324442994,195,TRUE,517,16.6935018466355,195
487,f4:60:e2:d6:8d:2c,P094,2019-10-28T10:09:26Z,2019-10-28T10:13:01Z,398448.545386703,333125.138574308,215,TRUE,518,45.5644419622204,194
501,f8:95:ea:37:b1:c2,P091,2019-10-24T15:11:37Z,2019-10-24T15:25:22Z,398705.848599477,332936.35005092,825,TRUE,524,11.7914169471104,662
502,f8:95:ea:37:b1:c2,P091,2019-10-27T18:05:43Z,2019-10-27T18:25:18Z,398692.901106666,332941.04434345,1175,TRUE,526,9.18460358079369,618
503,f8:95:ea:37:b1:c2,P091,2019-11-03T13:35:55Z,2019-11-03T13:40:55Z,398722.820151034,332924.706188692,300,TRUE,527,28.9130413392485,85
505,f8:e9:4e:9d:96:3e,P062,2019-10-29T15:55:28Z,2019-10-29T16:05:03Z,398710.981077352,332939.219543413,575,TRUE,530,17.6339998719317,472
506,f8:e9:4e:9d:96:3e,P062,2019-10-31T15:55:20Z,2019-10-31T16:05:20Z,398709.307679368,332925.737557773,600,TRUE,531,15.7741948452074,220
507,f8:e9:4e:9d:96:3e,P062,2019-11-01T09:52:00Z,2019-11-01T10:06:25Z,398434.078527299,333171.788701426,865,TRUE,532,58.100123557279,180
509,f8:e9:4e:9d:96:3e,P062,2019-11-07T17:35:15Z,2019-11-07T17:40:55Z,398720.420279689,332918.320989886,340,TRUE,533,29.0232983999769,185
511,f8:e9:4e:9d:96:3e,P062,2019-11-10T09:38:04Z,2019-11-10T09:44:04Z,398698.60809099,332955.720117546,360,TRUE,534,23.9438860174717,324
