sensor_name,date,time_block,detections,unique_devices,time_label,datetime_label
U-01,2020-07-11,0,0,0,00-04,2020-07-11 00-04
U-01,2020-07-11,1,0,0,04-08,2020-07-11 04-08
U-01,2020-07-11,2,3691,1276,08-12,2020-07-11 08-12
U-01,2020-07-11,3,6487,2131,12-16,2020-07-11 12-16
U-01,2020-07-11,4,6955,2218,16-20,2020-07-11 16-20
U-01,2020-07-11,5,4786,1681,20-24,2020-07-11 20-24
U-01,2020-07-12,0,1896,552,00-04,2020-07-12 00-04
U-01,2020-07-12,1,1439,402,04-08,2020-07-12 04-08
U-01,2020-07-12,2,2865,1181,08-12,2020-07-12 08-12
U-01,2020-07-12,3,4655,1781,12-16,2020-07-12 12-16
U-01,2020-07-12,4,5072,1828,16-20,2020-07-12 16-20
U-01,2020-07-12,5,3513,1270,20-24,2020-07-12 20-24
U-01,2020-07-13,0,1808,304,00-04,2020-07-13 00-04
U-01,2020-07-13,1,2325,799,04-08,2020-07-13 04-08
U-01,2020-07-13,2,4573,1842,08-12,2020-07-13 08-12
U-01,2020-07-13,3,951,399,12-16,2020-07-13 12-16
U-01,2020-07-13,4,0,0,16-20,2020-07-13 16-20
U-01,2020-07-13,5,0,0,20-24,2020-07-13 20-24
U-01,2020-07-14,0,0,0,00-04,2020-07-14 00-04
U-01,2020-07-14,1,0,0,04-08,2020-07-14 04-08
U-01,2020-07-14,2,3504,1267,08-12,2020-07-14 08-12
U-01,2020-07-14,3,6120,2251,12-16,2020-07-14 12-16
U-01,2020-07-14,4,6833,2661,16-20,2020-07-14 16-20
U-01,2020-07-14,5,5016,1738,20-24,2020-07-14 20-24
U-01,2020-07-15,0,1537,406,00-04,2020-07-15 00-04
U-01,2020-07-15,1,2026,841,04-08,2020-07-15 04-08
U-01,2020-07-15,2,5023,2024,08-12,2020-07-15 08-12
U-01,2020-07-15,3,6615,2318,12-16,2020-07-15 12-16
U-01,2020-07-15,4,8487,2981,16-20,2020-07-15 16-20
U-01,2020-07-15,5,5377,1867,20-24,2020-07-15 20-24
U-01,2020-07-16,0,1811,468,00-04,2020-07-16 00-04
U-01,2020-07-16,1,2044,919,04-08,2020-07-16 04-08
U-01,2020-07-16,2,5222,2143,08-12,2020-07-16 08-12
U-01,2020-07-16,3,5657,1963,12-16,2020-07-16 12-16
U-01,2020-07-16,4,6827,2782,16-20,2020-07-16 16-20
U-01,2020-07-16,5,5327,1814,20-24,2020-07-16 20-24
U-01,2020-07-17,0,1770,440,00-04,2020-07-17 00-04
U-01,2020-07-17,1,2423,927,04-08,2020-07-17 04-08
U-01,2020-07-17,2,5153,2104,08-12,2020-07-17 08-12
U-01,2020-07-17,3,5871,2217,12-16,2020-07-17 12-16
U-01,2020-07-17,4,7342,2947,16-20,2020-07-17 16-20
U-01,2020-07-17,5,5778,2003,20-24,2020-07-17 20-24
U-01,2020-07-18,0,1723,612,00-04,2020-07-18 00-04
U-01,2020-07-18,1,1415,611,04-08,2020-07-18 04-08
U-01,2020-07-18,2,4082,1735,08-12,2020-07-18 08-12
U-01,2020-07-18,3,6751,2278,12-16,2020-07-18 12-16
U-01,2020-07-18,4,6197,2399,16-20,2020-07-18 16-20
U-01,2020-07-18,5,5327,1827,20-24,2020-07-18 20-24
U-01,2020-07-19,0,2028,558,00-04,2020-07-19 00-04
U-01,2020-07-19,1,1238,417,04-08,2020-07-19 04-08
U-01,2020-07-19,2,2795,1168,08-12,2020-07-19 08-12
U-01,2020-07-19,3,5000,1924,12-16,2020-07-19 12-16
U-01,2020-07-19,4,5350,1994,16-20,2020-07-19 16-20
U-01,2020-07-19,5,4328,1377,20-24,2020-07-19 20-24
U-01,2020-07-20,0,1313,403,00-04,2020-07-20 00-04
U-01,2020-07-20,1,2246,849,04-08,2020-07-20 04-08
U-01,2020-07-20,2,2511,1161,08-12,2020-07-20 08-12
U-01,2020-07-20,3,0,0,12-16,2020-07-20 12-16
U-01,2020-07-20,4,0,0,16-20,2020-07-20 16-20
U-01,2020-07-20,5,0,0,20-24,2020-07-20 20-24
U-02,2020-07-11,0,0,0,00-04,2020-07-11 00-04
U-02,2020-07-11,1,0,0,04-08,2020-07-11 04-08
U-02,2020-07-11,2,1848,535,08-12,2020-07-11 08-12
U-02,2020-07-11,3,3532,1133,12-16,2020-07-11 12-16
U-02,2020-07-11,4,5126,1190,16-20,2020-07-11 16-20
U-02,2020-07-11,5,4088,899,20-24,2020-07-11 20-24
U-02,2020-07-12,0,1806,348,00-04,2020-07-12 00-04
U-02,2020-07-12,1,1056,212,04-08,2020-07-12 04-08
U-02,2020-07-12,2,2297,545,08-12,2020-07-12 08-12
U-02,2020-07-12,3,3365,881,12-16,2020-07-12 12-16
U-02,2020-07-12,4,2975,903,16-20,2020-07-12 16-20
U-02,2020-07-12,5,2487,597,20-24,2020-07-12 20-24
U-02,2020-07-13,0,1203,188,00-04,2020-07-13 00-04
U-02,2020-07-13,1,1100,262,04-08,2020-07-13 04-08
U-02,2020-07-13,2,2028,662,08-12,2020-07-13 08-12
U-02,2020-07-13,3,2182,733,12-16,2020-07-13 12-16
U-02,2020-07-13,4,3894,1045,16-20,2020-07-13 16-20
U-02,2020-07-13,5,3659,668,20-24,2020-07-13 20-24
U-02,2020-07-14,0,1728,239,00-04,2020-07-14 00-04
U-02,2020-07-14,1,1175,282,04-08,2020-07-14 04-08
U-02,2020-07-14,2,2169,767,08-12,2020-07-14 08-12
U-02,2020-07-14,3,2430,901,12-16,2020-07-14 12-16
U-02,2020-07-14,4,3984,1264,16-20,2020-07-14 16-20
U-02,2020-07-14,5,3711,829,20-24,2020-07-14 20-24
U-02,2020-07-15,0,1685,280,00-04,2020-07-15 00-04
U-02,2020-07-15,1,1325,336,04-08,2020-07-15 04-08
U-02,2020-07-15,2,2853,780,08-12,2020-07-15 08-12
U-02,2020-07-15,3,5468,990,12-16,2020-07-15 12-16
U-02,2020-07-15,4,5945,1320,16-20,2020-07-15 16-20
U-02,2020-07-15,5,3957,808,20-24,2020-07-15 20-24
U-02,2020-07-16,0,1786,300,00-04,2020-07-16 00-04
U-02,2020-07-16,1,1273,300,04-08,2020-07-16 04-08
U-02,2020-07-16,2,2084,785,08-12,2020-07-16 08-12
U-02,2020-07-16,3,3729,959,12-16,2020-07-16 12-16
U-02,2020-07-16,4,4209,1347,16-20,2020-07-16 16-20
U-02,2020-07-16,5,3896,931,20-24,2020-07-16 20-24
U-02,2020-07-17,0,1381,273,00-04,2020-07-17 00-04
U-02,2020-07-17,1,1053,364,04-08,2020-07-17 04-08
U-02,2020-07-17,2,2244,794,08-12,2020-07-17 08-12
U-02,2020-07-17,3,2818,980,12-16,2020-07-17 12-16
U-02,2020-07-17,4,4850,1380,16-20,2020-07-17 16-20
U-02,2020-07-17,5,6548,1076,20-24,2020-07-17 20-24
U-02,2020-07-18,0,2997,382,00-04,2020-07-18 00-04
U-02,2020-07-18,1,1807,233,04-08,2020-07-18 04-08
U-02,2020-07-18,2,2574,684,08-12,2020-07-18 08-12
U-02,2020-07-18,3,4515,1078,12-16,2020-07-18 12-16
U-02,2020-07-18,4,6255,1223,16-20,2020-07-18 16-20
U-02,2020-07-18,5,3972,879,20-24,2020-07-18 20-24
U-02,2020-07-19,0,1911,336,00-04,2020-07-19 00-04
U-02,2020-07-19,1,1025,172,04-08,2020-07-19 04-08
U-02,2020-07-19,2,2104,510,08-12,2020-07-19 08-12
U-02,2020-07-19,3,3868,907,12-16,2020-07-19 12-16
U-02,2020-07-19,4,3855,1017,16-20,2020-07-19 16-20
U-02,2020-07-19,5,3991,678,20-24,2020-07-19 20-24
U-02,2020-07-20,0,2603,231,00-04,2020-07-20 00-04
U-02,2020-07-20,1,1486,287,04-08,2020-07-20 04-08
U-02,2020-07-20,2,1512,457,08-12,2020-07-20 08-12
U-02,2020-07-20,3,0,0,12-16,2020-07-20 12-16
U-02,2020-07-20,4,0,0,16-20,2020-07-20 16-20
U-02,2020-07-20,5,0,0,20-24,2020-07-20 20-24
U-03,2020-07-11,0,0,0,00-04,2020-07-11 00-04
U-03,2020-07-11,1,0,0,04-08,2020-07-11 04-08
U-03,2020-07-11,2,1421,567,08-12,2020-07-11 08-12
U-03,2020-07-11,3,4846,1534,12-16,2020-07-11 12-16
U-03,2020-07-11,4,4780,1525,16-20,2020-07-11 16-20
U-03,2020-07-11,5,3457,1110,20-24,2020-07-11 20-24
U-03,2020-07-12,0,695,269,00-04,2020-07-12 00-04
U-03,2020-07-12,1,508,179,04-08,2020-07-12 04-08
U-03,2020-07-12,2,2372,811,08-12,2020-07-12 08-12
U-03,2020-07-12,3,3704,1332,12-16,2020-07-12 12-16
U-03,2020-07-12,4,4080,1331,16-20,2020-07-12 16-20
U-03,2020-07-12,5,2182,794,20-24,2020-07-12 20-24
U-03,2020-07-13,0,297,125,00-04,2020-07-13 00-04
U-03,2020-07-13,1,943,383,04-08,2020-07-13 04-08
U-03,2020-07-13,2,2806,1129,08-12,2020-07-13 08-12
U-03,2020-07-13,3,3806,1286,12-16,2020-07-13 12-16
U-03,2020-07-13,4,4717,1619,16-20,2020-07-13 16-20
U-03,2020-07-13,5,3073,950,20-24,2020-07-13 20-24
U-03,2020-07-14,0,446,177,00-04,2020-07-14 00-04
U-03,2020-07-14,1,85,73,04-08,2020-07-14 04-08
U-03,2020-07-14,2,120,114,08-12,2020-07-14 08-12
U-03,2020-07-14,3,0,0,12-16,2020-07-14 12-16
U-03,2020-07-14,4,0,0,16-20,2020-07-14 16-20
U-03,2020-07-14,5,0,0,20-24,2020-07-14 20-24
U-03,2020-07-15,0,0,0,00-04,2020-07-15 00-04
U-03,2020-07-15,1,0,0,04-08,2020-07-15 04-08
U-03,2020-07-15,2,300,249,08-12,2020-07-15 08-12
U-03,2020-07-15,3,648,535,12-16,2020-07-15 12-16
U-03,2020-07-15,4,953,755,16-20,2020-07-15 16-20
U-03,2020-07-15,5,454,382,20-24,2020-07-15 20-24
U-03,2020-07-16,0,76,65,00-04,2020-07-16 00-04
U-03,2020-07-16,1,128,113,04-08,2020-07-16 04-08
U-03,2020-07-16,2,449,378,08-12,2020-07-16 08-12
U-03,2020-07-16,3,555,456,12-16,2020-07-16 12-16
U-03,2020-07-16,4,834,676,16-20,2020-07-16 16-20
U-03,2020-07-16,5,504,422,20-24,2020-07-16 20-24
U-03,2020-07-17,0,70,53,00-04,2020-07-17 00-04
U-03,2020-07-17,1,140,127,04-08,2020-07-17 04-08
U-03,2020-07-17,2,511,409,08-12,2020-07-17 08-12
U-03,2020-07-17,3,552,422,12-16,2020-07-17 12-16
U-03,2020-07-17,4,716,569,16-20,2020-07-17 16-20
U-03,2020-07-17,5,432,371,20-24,2020-07-17 20-24
U-03,2020-07-18,0,86,62,00-04,2020-07-18 00-04
U-03,2020-07-18,1,79,69,04-08,2020-07-18 04-08
U-03,2020-07-18,2,261,219,08-12,2020-07-18 08-12
U-03,2020-07-18,3,481,384,12-16,2020-07-18 12-16
U-03,2020-07-18,4,472,392,16-20,2020-07-18 16-20
U-03,2020-07-18,5,385,302,20-24,2020-07-18 20-24
U-03,2020-07-19,0,82,61,00-04,2020-07-19 00-04
U-03,2020-07-19,1,43,36,04-08,2020-07-19 04-08
U-03,2020-07-19,2,50,44,08-12,2020-07-19 08-12
U-03,2020-07-19,3,0,0,12-16,2020-07-19 12-16
U-03,2020-07-19,4,0,0,16-20,2020-07-19 16-20
U-03,2020-07-19,5,0,0,20-24,2020-07-19 20-24
U-03,2020-07-20,0,0,0,00-04,2020-07-20 00-04
U-03,2020-07-20,1,0,0,04-08,2020-07-20 04-08
U-03,2020-07-20,2,0,0,08-12,2020-07-20 08-12
U-03,2020-07-20,3,0,0,12-16,2020-07-20 12-16
U-03,2020-07-20,4,0,0,16-20,2020-07-20 16-20
U-03,2020-07-20,5,0,0,20-24,2020-07-20 20-24
U-04,2020-07-11,0,0,0,00-04,2020-07-11 00-04
U-04,2020-07-11,1,0,0,04-08,2020-07-11 04-08
U-04,2020-07-11,2,3492,1540,08-12,2020-07-11 08-12
U-04,2020-07-11,3,7063,2577,12-16,2020-07-11 12-16
U-04,2020-07-11,4,7053,2633,16-20,2020-07-11 16-20
U-04,2020-07-11,5,5103,1991,20-24,2020-07-11 20-24
U-04,2020-07-12,0,1553,651,00-04,2020-07-12 00-04
U-04,2020-07-12,1,1081,499,04-08,2020-07-12 04-08
U-04,2020-07-12,2,3060,1416,08-12,2020-07-12 08-12
U-04,2020-07-12,3,5515,2124,12-16,2020-07-12 12-16
U-04,2020-07-12,4,5628,2206,16-20,2020-07-12 16-20
U-04,2020-07-12,5,3491,1395,20-24,2020-07-12 20-24
U-04,2020-07-13,0,927,321,00-04,2020-07-13 00-04
U-04,2020-07-13,1,1650,870,04-08,2020-07-13 04-08
U-04,2020-07-13,2,4491,2080,08-12,2020-07-13 08-12
U-04,2020-07-13,3,5755,2113,12-16,2020-07-13 12-16
U-04,2020-07-13,4,7885,2523,16-20,2020-07-13 16-20
U-04,2020-07-13,5,4621,1722,20-24,2020-07-13 20-24
U-04,2020-07-14,0,1083,387,00-04,2020-07-14 00-04
U-04,2020-07-14,1,1597,807,04-08,2020-07-14 04-08
U-04,2020-07-14,2,5190,2281,08-12,2020-07-14 08-12
U-04,2020-07-14,3,6739,2534,12-16,2020-07-14 12-16
U-04,2020-07-14,4,7384,2981,16-20,2020-07-14 16-20
U-04,2020-07-14,5,5123,1930,20-24,2020-07-14 20-24
U-04,2020-07-15,0,1282,470,00-04,2020-07-15 00-04
U-04,2020-07-15,1,1777,920,04-08,2020-07-15 04-08
U-04,2020-07-15,2,5142,2287,08-12,2020-07-15 08-12
U-04,2020-07-15,3,6701,2534,12-16,2020-07-15 12-16
U-04,2020-07-15,4,7904,3068,16-20,2020-07-15 16-20
U-04,2020-07-15,5,5106,1932,20-24,2020-07-15 20-24
U-04,2020-07-16,0,1503,481,00-04,2020-07-16 00-04
U-04,2020-07-16,1,2020,972,04-08,2020-07-16 04-08
U-04,2020-07-16,2,5599,2286,08-12,2020-07-16 08-12
U-04,2020-07-16,3,6446,2162,12-16,2020-07-16 12-16
U-04,2020-07-16,4,6994,2732,16-20,2020-07-16 16-20
U-04,2020-07-16,5,5084,1900,20-24,2020-07-16 20-24
U-04,2020-07-17,0,1283,446,00-04,2020-07-17 00-04
U-04,2020-07-17,1,1941,981,04-08,2020-07-17 04-08
U-04,2020-07-17,2,5451,2239,08-12,2020-07-17 08-12
U-04,2020-07-17,3,7036,2478,12-16,2020-07-17 12-16
U-04,2020-07-17,4,7951,3101,16-20,2020-07-17 16-20
U-04,2020-07-17,5,6276,2219,20-24,2020-07-17 20-24
U-04,2020-07-18,0,2030,697,00-04,2020-07-18 00-04
U-04,2020-07-18,1,1632,710,04-08,2020-07-18 04-08
U-04,2020-07-18,2,4550,1883,08-12,2020-07-18 08-12
U-04,2020-07-18,3,7305,2377,12-16,2020-07-18 12-16
U-04,2020-07-18,4,6924,2571,16-20,2020-07-18 16-20
U-04,2020-07-18,5,5556,1944,20-24,2020-07-18 20-24
U-04,2020-07-19,0,1851,604,00-04,2020-07-19 00-04
U-04,2020-07-19,1,1119,462,04-08,2020-07-19 04-08
U-04,2020-07-19,2,2750,1189,08-12,2020-07-19 08-12
U-04,2020-07-19,3,5278,1815,12-16,2020-07-19 12-16
U-04,2020-07-19,4,5762,1896,16-20,2020-07-19 16-20
U-04,2020-07-19,5,3945,1343,20-24,2020-07-19 20-24
U-04,2020-07-20,0,1196,395,00-04,2020-07-20 00-04
U-04,2020-07-20,1,1991,822,04-08,2020-07-20 04-08
U-04,2020-07-20,2,2407,1161,08-12,2020-07-20 08-12
U-04,2020-07-20,3,0,0,12-16,2020-07-20 12-16
U-04,2020-07-20,4,0,0,16-20,2020-07-20 16-20
U-04,2020-07-20,5,0,0,20-24,2020-07-20 20-24
U-05,2020-07-11,0,0,0,00-04,2020-07-11 00-04
U-05,2020-07-11,1,0,0,04-08,2020-07-11 04-08
U-05,2020-07-11,2,1043,307,08-12,2020-07-11 08-12
U-05,2020-07-11,3,3273,831,12-16,2020-07-11 12-16
U-05,2020-07-11,4,4544,1076,16-20,2020-07-11 16-20
U-05,2020-07-11,5,4031,888,20-24,2020-07-11 20-24
U-05,2020-07-12,0,1752,313,00-04,2020-07-12 00-04
U-05,2020-07-12,1,586,120,04-08,2020-07-12 04-08
U-05,2020-07-12,2,1124,276,08-12,2020-07-12 08-12
U-05,2020-07-12,3,2896,664,12-16,2020-07-12 12-16
U-05,2020-07-12,4,3879,845,16-20,2020-07-12 16-20
U-05,2020-07-12,5,2986,584,20-24,2020-07-12 20-24
U-05,2020-07-13,0,1419,168,00-04,2020-07-13 00-04
U-05,2020-07-13,1,484,93,04-08,2020-07-13 04-08
U-05,2020-07-13,2,721,224,08-12,2020-07-13 08-12
U-05,2020-07-13,3,5506,601,12-16,2020-07-13 12-16
U-05,2020-07-13,4,3734,896,16-20,2020-07-13 16-20
U-05,2020-07-13,5,2883,700,20-24,2020-07-13 20-24
U-05,2020-07-14,0,1251,234,00-04,2020-07-14 00-04
U-05,2020-07-14,1,529,113,04-08,2020-07-14 04-08
U-05,2020-07-14,2,1559,365,08-12,2020-07-14 08-12
U-05,2020-07-14,3,3651,682,12-16,2020-07-14 12-16
U-05,2020-07-14,4,6308,1137,16-20,2020-07-14 16-20
U-05,2020-07-14,5,5696,1022,20-24,2020-07-14 20-24
U-05,2020-07-15,0,2343,262,00-04,2020-07-15 00-04
U-05,2020-07-15,1,944,133,04-08,2020-07-15 04-08
U-05,2020-07-15,2,1495,345,08-12,2020-07-15 08-12
U-05,2020-07-15,3,6236,736,12-16,2020-07-15 12-16
U-05,2020-07-15,4,6443,995,16-20,2020-07-15 16-20
U-05,2020-07-15,5,4854,758,20-24,2020-07-15 20-24
U-05,2020-07-16,0,1674,257,00-04,2020-07-16 00-04
U-05,2020-07-16,1,569,95,04-08,2020-07-16 04-08
U-05,2020-07-16,2,1333,331,08-12,2020-07-16 08-12
U-05,2020-07-16,3,3538,606,12-16,2020-07-16 12-16
U-05,2020-07-16,4,3791,969,16-20,2020-07-16 16-20
U-05,2020-07-16,5,4513,736,20-24,2020-07-16 20-24
U-05,2020-07-17,0,2720,226,00-04,2020-07-17 00-04
U-05,2020-07-17,1,506,108,04-08,2020-07-17 04-08
U-05,2020-07-17,2,1407,378,08-12,2020-07-17 08-12
U-05,2020-07-17,3,3148,724,12-16,2020-07-17 12-16
U-05,2020-07-17,4,6258,1129,16-20,2020-07-17 16-20
U-05,2020-07-17,5,4391,889,20-24,2020-07-17 20-24
U-05,2020-07-18,0,0,0,00-04,2020-07-18 00-04
U-05,2020-07-18,1,0,0,04-08,2020-07-18 04-08
U-05,2020-07-18,2,0,0,08-12,2020-07-18 08-12
U-05,2020-07-18,3,0,0,12-16,2020-07-18 12-16
U-05,2020-07-18,4,0,0,16-20,2020-07-18 16-20
U-05,2020-07-18,5,0,0,20-24,2020-07-18 20-24
U-05,2020-07-19,0,0,0,00-04,2020-07-19 00-04
U-05,2020-07-19,1,0,0,04-08,2020-07-19 04-08
U-05,2020-07-19,2,622,203,08-12,2020-07-19 08-12
U-05,2020-07-19,3,3339,746,12-16,2020-07-19 12-16
U-05,2020-07-19,4,3355,918,16-20,2020-07-19 16-20
U-05,2020-07-19,5,2410,604,20-24,2020-07-19 20-24
U-05,2020-07-20,0,1211,189,00-04,2020-07-20 00-04
U-05,2020-07-20,1,397,105,04-08,2020-07-20 04-08
U-05,2020-07-20,2,375,119,08-12,2020-07-20 08-12
U-05,2020-07-20,3,0,0,12-16,2020-07-20 12-16
U-05,2020-07-20,4,0,0,16-20,2020-07-20 16-20
U-05,2020-07-20,5,0,0,20-24,2020-07-20 20-24
U-06,2020-07-11,0,0,0,00-04,2020-07-11 00-04
U-06,2020-07-11,1,0,0,04-08,2020-07-11 04-08
U-06,2020-07-11,2,3825,1516,08-12,2020-07-11 08-12
U-06,2020-07-11,3,7058,2317,12-16,2020-07-11 12-16
U-06,2020-07-11,4,6461,2156,16-20,2020-07-11 16-20
U-06,2020-07-11,5,5814,1949,20-24,2020-07-11 20-24
U-06,2020-07-12,0,2091,705,00-04,2020-07-12 00-04
U-06,2020-07-12,1,1374,501,04-08,2020-07-12 04-08
U-06,2020-07-12,2,3175,1269,08-12,2020-07-12 08-12
U-06,2020-07-12,3,5422,1828,12-16,2020-07-12 12-16
U-06,2020-07-12,4,5309,1781,16-20,2020-07-12 16-20
U-06,2020-07-12,5,3458,1299,20-24,2020-07-12 20-24
U-06,2020-07-13,0,1030,302,00-04,2020-07-13 00-04
U-06,2020-07-13,1,1549,725,04-08,2020-07-13 04-08
U-06,2020-07-13,2,2238,984,08-12,2020-07-13 08-12
U-06,2020-07-13,3,5439,1696,12-16,2020-07-13 12-16
U-06,2020-07-13,4,5976,2054,16-20,2020-07-13 16-20
U-06,2020-07-13,5,4348,1638,20-24,2020-07-13 20-24
U-06,2020-07-14,0,1147,383,00-04,2020-07-14 00-04
U-06,2020-07-14,1,1456,688,04-08,2020-07-14 04-08
U-06,2020-07-14,2,4635,1708,08-12,2020-07-14 08-12
U-06,2020-07-14,3,5710,1666,12-16,2020-07-14 12-16
U-06,2020-07-14,4,6628,2181,16-20,2020-07-14 16-20
U-06,2020-07-14,5,5203,1668,20-24,2020-07-14 20-24
U-06,2020-07-15,0,1473,465,00-04,2020-07-15 00-04
U-06,2020-07-15,1,1742,770,04-08,2020-07-15 04-08
U-06,2020-07-15,2,5409,1788,08-12,2020-07-15 08-12
U-06,2020-07-15,3,7732,2008,12-16,2020-07-15 12-16
U-06,2020-07-15,4,8499,2422,16-20,2020-07-15 16-20
U-06,2020-07-15,5,5612,1664,20-24,2020-07-15 20-24
U-06,2020-07-16,0,1956,518,00-04,2020-07-16 00-04
U-06,2020-07-16,1,1943,773,04-08,2020-07-16 04-08
U-06,2020-07-16,2,5989,1846,08-12,2020-07-16 08-12
U-06,2020-07-16,3,6486,1698,12-16,2020-07-16 12-16
U-06,2020-07-16,4,7298,2243,16-20,2020-07-16 16-20
U-06,2020-07-16,5,5595,1748,20-24,2020-07-16 20-24
U-06,2020-07-17,0,1745,487,00-04,2020-07-17 00-04
U-06,2020-07-17,1,1940,844,04-08,2020-07-17 04-08
U-06,2020-07-17,2,5943,1851,08-12,2020-07-17 08-12
U-06,2020-07-17,3,7191,1890,12-16,2020-07-17 12-16
U-06,2020-07-17,4,8523,2454,16-20,2020-07-17 16-20
U-06,2020-07-17,5,6983,2107,20-24,2020-07-17 20-24
U-06,2020-07-18,0,2265,716,00-04,2020-07-18 00-04
U-06,2020-07-18,1,1592,593,04-08,2020-07-18 04-08
U-06,2020-07-18,2,4379,1443,08-12,2020-07-18 08-12
U-06,2020-07-18,3,7424,1883,12-16,2020-07-18 12-16
U-06,2020-07-18,4,7535,2133,16-20,2020-07-18 16-20
U-06,2020-07-18,5,5805,1800,20-24,2020-07-18 20-24
U-06,2020-07-19,0,2067,573,00-04,2020-07-19 00-04
U-06,2020-07-19,1,1376,427,04-08,2020-07-19 04-08
U-06,2020-07-19,2,3167,1141,08-12,2020-07-19 08-12
U-06,2020-07-19,3,6115,1661,12-16,2020-07-19 12-16
U-06,2020-07-19,4,6566,1910,16-20,2020-07-19 16-20
U-06,2020-07-19,5,4679,1411,20-24,2020-07-19 20-24
U-06,2020-07-20,0,1569,459,00-04,2020-07-20 00-04
U-06,2020-07-20,1,2097,761,04-08,2020-07-20 04-08
U-06,2020-07-20,2,2876,1018,08-12,2020-07-20 08-12
U-06,2020-07-20,3,0,0,12-16,2020-07-20 12-16
U-06,2020-07-20,4,0,0,16-20,2020-07-20 16-20
U-06,2020-07-20,5,0,0,20-24,2020-07-20 20-24
U-07,2020-07-11,0,0,0,00-04,2020-07-11 00-04
U-07,2020-07-11,1,0,0,04-08,2020-07-11 04-08
U-07,2020-07-11,2,2127,577,08-12,2020-07-11 08-12
U-07,2020-07-11,3,5964,1386,12-16,2020-07-11 12-16
U-07,2020-07-11,4,7126,1660,16-20,2020-07-11 16-20
U-07,2020-07-11,5,5728,1358,20-24,2020-07-11 20-24
U-07,2020-07-12,0,2270,465,00-04,2020-07-12 00-04
U-07,2020-07-12,1,925,169,04-08,2020-07-12 04-08
U-07,2020-07-12,2,2221,511,08-12,2020-07-12 08-12
U-07,2020-07-12,3,4695,1054,12-16,2020-07-12 12-16
U-07,2020-07-12,4,5141,1222,16-20,2020-07-12 16-20
U-07,2020-07-12,5,3453,839,20-24,2020-07-12 20-24
U-07,2020-07-13,0,1147,212,00-04,2020-07-13 00-04
U-07,2020-07-13,1,715,148,04-08,2020-07-13 04-08
U-07,2020-07-13,2,1010,312,08-12,2020-07-13 08-12
U-07,2020-07-13,3,3429,787,12-16,2020-07-13 12-16
U-07,2020-07-13,4,4529,1074,16-20,2020-07-13 16-20
U-07,2020-07-13,5,3355,857,20-24,2020-07-13 20-24
U-07,2020-07-14,0,1311,263,00-04,2020-07-14 00-04
U-07,2020-07-14,1,627,143,04-08,2020-07-14 04-08
U-07,2020-07-14,2,2204,524,08-12,2020-07-14 08-12
U-07,2020-07-14,3,3938,925,12-16,2020-07-14 12-16
U-07,2020-07-14,4,5034,1328,16-20,2020-07-14 16-20
U-07,2020-07-14,5,5655,1214,20-24,2020-07-14 20-24
U-07,2020-07-15,0,3147,289,00-04,2020-07-15 00-04
U-07,2020-07-15,1,925,233,04-08,2020-07-15 04-08
U-07,2020-07-15,2,2467,605,08-12,2020-07-15 08-12
U-07,2020-07-15,3,4213,956,12-16,2020-07-15 12-16
U-07,2020-07-15,4,5919,1285,16-20,2020-07-15 16-20
U-07,2020-07-15,5,4209,980,20-24,2020-07-15 20-24
U-07,2020-07-16,0,1684,342,00-04,2020-07-16 00-04
U-07,2020-07-16,1,839,181,04-08,2020-07-16 04-08
U-07,2020-07-16,2,2439,584,08-12,2020-07-16 08-12
U-07,2020-07-16,3,4329,995,12-16,2020-07-16 12-16
U-07,2020-07-16,4,4815,1282,16-20,2020-07-16 16-20
U-07,2020-07-16,5,3979,1000,20-24,2020-07-16 20-24
U-07,2020-07-17,0,1626,305,00-04,2020-07-17 00-04
U-07,2020-07-17,1,696,161,04-08,2020-07-17 04-08
U-07,2020-07-17,2,2324,605,08-12,2020-07-17 08-12
U-07,2020-07-17,3,4222,1011,12-16,2020-07-17 12-16
U-07,2020-07-17,4,5572,1382,16-20,2020-07-17 16-20
U-07,2020-07-17,5,6073,1449,20-24,2020-07-17 20-24
U-07,2020-07-18,0,1994,499,00-04,2020-07-18 00-04
U-07,2020-07-18,1,777,175,04-08,2020-07-18 04-08
U-07,2020-07-18,2,1846,528,08-12,2020-07-18 08-12
U-07,2020-07-18,3,6002,1282,12-16,2020-07-18 12-16
U-07,2020-07-18,4,6210,1381,16-20,2020-07-18 16-20
U-07,2020-07-18,5,5134,1158,20-24,2020-07-18 20-24
U-07,2020-07-19,0,2307,408,00-04,2020-07-19 00-04
U-07,2020-07-19,1,708,136,04-08,2020-07-19 04-08
U-07,2020-07-19,2,1819,425,08-12,2020-07-19 08-12
U-07,2020-07-19,3,4892,1071,12-16,2020-07-19 12-16
U-07,2020-07-19,4,5290,1335,16-20,2020-07-19 16-20
U-07,2020-07-19,5,3762,918,20-24,2020-07-19 20-24
U-07,2020-07-20,0,1466,367,00-04,2020-07-20 00-04
U-07,2020-07-20,1,764,170,04-08,2020-07-20 04-08
U-07,2020-07-20,2,2151,778,08-12,2020-07-20 08-12
U-07,2020-07-20,3,0,0,12-16,2020-07-20 12-16
U-07,2020-07-20,4,0,0,16-20,2020-07-20 16-20
U-07,2020-07-20,5,0,0,20-24,2020-07-20 20-24
U-09,2020-07-11,0,0,0,00-04,2020-07-11 00-04
U-09,2020-07-11,1,0,0,04-08,2020-07-11 04-08
U-09,2020-07-11,2,0,0,08-12,2020-07-11 08-12
U-09,2020-07-11,3,0,0,12-16,2020-07-11 12-16
U-09,2020-07-11,4,0,0,16-20,2020-07-11 16-20
U-09,2020-07-11,5,0,0,20-24,2020-07-11 20-24
U-09,2020-07-12,0,0,0,00-04,2020-07-12 00-04
U-09,2020-07-12,1,0,0,04-08,2020-07-12 04-08
U-09,2020-07-12,2,0,0,08-12,2020-07-12 08-12
U-09,2020-07-12,3,0,0,12-16,2020-07-12 12-16
U-09,2020-07-12,4,0,0,16-20,2020-07-12 16-20
U-09,2020-07-12,5,0,0,20-24,2020-07-12 20-24
U-09,2020-07-13,0,0,0,00-04,2020-07-13 00-04
U-09,2020-07-13,1,0,0,04-08,2020-07-13 04-08
U-09,2020-07-13,2,0,0,08-12,2020-07-13 08-12
U-09,2020-07-13,3,0,0,12-16,2020-07-13 12-16
U-09,2020-07-13,4,1816,719,16-20,2020-07-13 16-20
U-09,2020-07-13,5,2426,766,20-24,2020-07-13 20-24
U-09,2020-07-14,0,981,222,00-04,2020-07-14 00-04
U-09,2020-07-14,1,987,269,04-08,2020-07-14 04-08
U-09,2020-07-14,2,2314,919,08-12,2020-07-14 08-12
U-09,2020-07-14,3,2707,1100,12-16,2020-07-14 12-16
U-09,2020-07-14,4,3674,1469,16-20,2020-07-14 16-20
U-09,2020-07-14,5,2413,866,20-24,2020-07-14 20-24
U-09,2020-07-15,0,923,246,00-04,2020-07-15 00-04
U-09,2020-07-15,1,875,254,04-08,2020-07-15 04-08
U-09,2020-07-15,2,2248,862,08-12,2020-07-15 08-12
U-09,2020-07-15,3,3137,1157,12-16,2020-07-15 12-16
U-09,2020-07-15,4,4361,1511,16-20,2020-07-15 16-20
U-09,2020-07-15,5,2930,960,20-24,2020-07-15 20-24
U-09,2020-07-16,0,1329,286,00-04,2020-07-16 00-04
U-09,2020-07-16,1,1087,295,04-08,2020-07-16 04-08
U-09,2020-07-16,2,2467,940,08-12,2020-07-16 08-12
U-09,2020-07-16,3,3264,1094,12-16,2020-07-16 12-16
U-09,2020-07-16,4,3990,1485,16-20,2020-07-16 16-20
U-09,2020-07-16,5,2766,956,20-24,2020-07-16 20-24
U-09,2020-07-17,0,1343,257,00-04,2020-07-17 00-04
U-09,2020-07-17,1,1231,302,04-08,2020-07-17 04-08
U-09,2020-07-17,2,2945,1007,08-12,2020-07-17 08-12
U-09,2020-07-17,3,3645,1351,12-16,2020-07-17 12-16
U-09,2020-07-17,4,5341,1668,16-20,2020-07-17 16-20
U-09,2020-07-17,5,3764,1258,20-24,2020-07-17 20-24
U-09,2020-07-18,0,2065,447,00-04,2020-07-18 00-04
U-09,2020-07-18,1,1623,241,04-08,2020-07-18 04-08
U-09,2020-07-18,2,2742,877,08-12,2020-07-18 08-12
U-09,2020-07-18,3,4617,1462,12-16,2020-07-18 12-16
U-09,2020-07-18,4,4086,1416,16-20,2020-07-18 16-20
U-09,2020-07-18,5,3342,986,20-24,2020-07-18 20-24
U-09,2020-07-19,0,1616,346,00-04,2020-07-19 00-04
U-09,2020-07-19,1,1115,199,04-08,2020-07-19 04-08
U-09,2020-07-19,2,2117,637,08-12,2020-07-19 08-12
U-09,2020-07-19,3,3548,1150,12-16,2020-07-19 12-16
U-09,2020-07-19,4,3443,1150,16-20,2020-07-19 16-20
U-09,2020-07-19,5,2046,665,20-24,2020-07-19 20-24
U-09,2020-07-20,0,1118,226,00-04,2020-07-20 00-04
U-09,2020-07-20,1,1052,290,04-08,2020-07-20 04-08
U-09,2020-07-20,2,1449,564,08-12,2020-07-20 08-12
U-09,2020-07-20,3,0,0,12-16,2020-07-20 12-16
U-09,2020-07-20,4,0,0,16-20,2020-07-20 16-20
U-09,2020-07-20,5,0,0,20-24,2020-07-20 20-24
U-10,2020-07-11,0,0,0,00-04,2020-07-11 00-04
U-10,2020-07-11,1,0,0,04-08,2020-07-11 04-08
U-10,2020-07-11,2,0,0,08-12,2020-07-11 08-12
U-10,2020-07-11,3,0,0,12-16,2020-07-11 12-16
U-10,2020-07-11,4,0,0,16-20,2020-07-11 16-20
U-10,2020-07-11,5,0,0,20-24,2020-07-11 20-24
U-10,2020-07-12,0,0,0,00-04,2020-07-12 00-04
U-10,2020-07-12,1,0,0,04-08,2020-07-12 04-08
U-10,2020-07-12,2,608,214,08-12,2020-07-12 08-12
U-10,2020-07-12,3,4388,1014,12-16,2020-07-12 12-16
U-10,2020-07-12,4,5030,1246,16-20,2020-07-12 16-20
U-10,2020-07-12,5,3108,783,20-24,2020-07-12 20-24
U-10,2020-07-13,0,978,201,00-04,2020-07-13 00-04
U-10,2020-07-13,1,625,108,04-08,2020-07-13 04-08
U-10,2020-07-13,2,1815,341,08-12,2020-07-13 08-12
U-10,2020-07-13,3,3798,699,12-16,2020-07-13 12-16
U-10,2020-07-13,4,5236,1083,16-20,2020-07-13 16-20
U-10,2020-07-13,5,3843,862,20-24,2020-07-13 20-24
U-10,2020-07-14,0,1581,254,00-04,2020-07-14 00-04
U-10,2020-07-14,1,845,131,04-08,2020-07-14 04-08
U-10,2020-07-14,2,2685,485,08-12,2020-07-14 08-12
U-10,2020-07-14,3,3969,910,12-16,2020-07-14 12-16
U-10,2020-07-14,4,5537,1423,16-20,2020-07-14 16-20
U-10,2020-07-14,5,5003,1223,20-24,2020-07-14 20-24
U-10,2020-07-15,0,1627,306,00-04,2020-07-15 00-04
U-10,2020-07-15,1,996,158,04-08,2020-07-15 04-08
U-10,2020-07-15,2,2124,404,08-12,2020-07-15 08-12
U-10,2020-07-15,3,3753,844,12-16,2020-07-15 12-16
U-10,2020-07-15,4,6075,1239,16-20,2020-07-15 16-20
U-10,2020-07-15,5,4315,989,20-24,2020-07-15 20-24
U-10,2020-07-16,0,1622,310,00-04,2020-07-16 00-04
U-10,2020-07-16,1,674,117,04-08,2020-07-16 04-08
U-10,2020-07-16,2,2161,420,08-12,2020-07-16 08-12
U-10,2020-07-16,3,4235,864,12-16,2020-07-16 12-16
U-10,2020-07-16,4,5479,1271,16-20,2020-07-16 16-20
U-10,2020-07-16,5,4541,1024,20-24,2020-07-16 20-24
U-10,2020-07-17,0,1426,290,00-04,2020-07-17 00-04
U-10,2020-07-17,1,788,146,04-08,2020-07-17 04-08
U-10,2020-07-17,2,2559,514,08-12,2020-07-17 08-12
U-10,2020-07-17,3,4833,1043,12-16,2020-07-17 12-16
U-10,2020-07-17,4,6575,1571,16-20,2020-07-17 16-20
U-10,2020-07-17,5,7182,1500,20-24,2020-07-17 20-24
U-10,2020-07-18,0,2459,490,00-04,2020-07-18 00-04
U-10,2020-07-18,1,872,151,04-08,2020-07-18 04-08
U-10,2020-07-18,2,883,209,08-12,2020-07-18 08-12
U-10,2020-07-18,3,0,0,12-16,2020-07-18 12-16
U-10,2020-07-18,4,0,0,16-20,2020-07-18 16-20
U-10,2020-07-18,5,0,0,20-24,2020-07-18 20-24
U-10,2020-07-19,0,0,0,00-04,2020-07-19 00-04
U-10,2020-07-19,1,0,0,04-08,2020-07-19 04-08
U-10,2020-07-19,2,1447,311,08-12,2020-07-19 08-12
U-10,2020-07-19,3,5354,1119,12-16,2020-07-19 12-16
U-10,2020-07-19,4,5558,1372,16-20,2020-07-19 16-20
U-10,2020-07-19,5,4163,917,20-24,2020-07-19 20-24
U-10,2020-07-20,0,1447,384,00-04,2020-07-20 00-04
U-10,2020-07-20,1,595,133,04-08,2020-07-20 04-08
U-10,2020-07-20,2,2000,694,08-12,2020-07-20 08-12
U-10,2020-07-20,3,116,28,12-16,2020-07-20 12-16
U-10,2020-07-20,4,0,0,16-20,2020-07-20 16-20
U-10,2020-07-20,5,0,0,20-24,2020-07-20 20-24
U-11,2020-07-11,0,0,0,00-04,2020-07-11 00-04
U-11,2020-07-11,1,0,0,04-08,2020-07-11 04-08
U-11,2020-07-11,2,0,0,08-12,2020-07-11 08-12
U-11,2020-07-11,3,0,0,12-16,2020-07-11 12-16
U-11,2020-07-11,4,0,0,16-20,2020-07-11 16-20
U-11,2020-07-11,5,4,4,20-24,2020-07-11 20-24
U-11,2020-07-12,0,0,0,00-04,2020-07-12 00-04
U-11,2020-07-12,1,0,0,04-08,2020-07-12 04-08
U-11,2020-07-12,2,916,415,08-12,2020-07-12 08-12
U-11,2020-07-12,3,6554,2399,12-16,2020-07-12 12-16
U-11,2020-07-12,4,6629,2412,16-20,2020-07-12 16-20
U-11,2020-07-12,5,4625,1598,20-24,2020-07-12 20-24
U-11,2020-07-13,0,1478,363,00-04,2020-07-13 00-04
U-11,2020-07-13,1,2030,898,04-08,2020-07-13 04-08
U-11,2020-07-13,2,4815,2059,08-12,2020-07-13 08-12
U-11,2020-07-13,3,5562,2139,12-16,2020-07-13 12-16
U-11,2020-07-13,4,7053,2732,16-20,2020-07-13 16-20
U-11,2020-07-13,5,5051,2051,20-24,2020-07-13 20-24
U-11,2020-07-14,0,1853,462,00-04,2020-07-14 00-04
U-11,2020-07-14,1,1963,912,04-08,2020-07-14 04-08
U-11,2020-07-14,2,5822,2364,08-12,2020-07-14 08-12
U-11,2020-07-14,3,7395,2684,12-16,2020-07-14 12-16
U-11,2020-07-14,4,7901,3078,16-20,2020-07-14 16-20
U-11,2020-07-14,5,5789,2059,20-24,2020-07-14 20-24
U-11,2020-07-15,0,1758,544,00-04,2020-07-15 00-04
U-11,2020-07-15,1,2232,1004,04-08,2020-07-15 04-08
U-11,2020-07-15,2,5574,2295,08-12,2020-07-15 08-12
U-11,2020-07-15,3,6924,2521,12-16,2020-07-15 12-16
U-11,2020-07-15,4,7904,3118,16-20,2020-07-15 16-20
U-11,2020-07-15,5,5711,2008,20-24,2020-07-15 20-24
U-11,2020-07-16,0,1895,500,00-04,2020-07-16 00-04
U-11,2020-07-16,1,2106,926,04-08,2020-07-16 04-08
U-11,2020-07-16,2,6721,2475,08-12,2020-07-16 08-12
U-11,2020-07-16,3,7960,2607,12-16,2020-07-16 12-16
U-11,2020-07-16,4,9693,3437,16-20,2020-07-16 16-20
U-11,2020-07-16,5,7935,2254,20-24,2020-07-16 20-24
U-11,2020-07-17,0,2441,537,00-04,2020-07-17 00-04
U-11,2020-07-17,1,2448,1116,04-08,2020-07-17 04-08
U-11,2020-07-17,2,7061,2499,08-12,2020-07-17 08-12
U-11,2020-07-17,3,9797,2720,12-16,2020-07-17 12-16
U-11,2020-07-17,4,11195,3480,16-20,2020-07-17 16-20
U-11,2020-07-17,5,9353,2622,20-24,2020-07-17 20-24
U-11,2020-07-18,0,2906,821,00-04,2020-07-18 00-04
U-11,2020-07-18,1,2691,791,04-08,2020-07-18 04-08
U-11,2020-07-18,2,6387,2109,08-12,2020-07-18 08-12
U-11,2020-07-18,3,8570,2765,12-16,2020-07-18 12-16
U-11,2020-07-18,4,7634,2907,16-20,2020-07-18 16-20
U-11,2020-07-18,5,6808,2356,20-24,2020-07-18 20-24
U-11,2020-07-19,0,2536,724,00-04,2020-07-19 00-04
U-11,2020-07-19,1,1730,550,04-08,2020-07-19 04-08
U-11,2020-07-19,2,3865,1482,08-12,2020-07-19 08-12
U-11,2020-07-19,3,6651,2356,12-16,2020-07-19 12-16
U-11,2020-07-19,4,7889,2535,16-20,2020-07-19 16-20
U-11,2020-07-19,5,6273,1900,20-24,2020-07-19 20-24
U-11,2020-07-20,0,1933,531,00-04,2020-07-20 00-04
U-11,2020-07-20,1,3052,1086,04-08,2020-07-20 04-08
U-11,2020-07-20,2,3428,1319,08-12,2020-07-20 08-12
U-11,2020-07-20,3,0,0,12-16,2020-07-20 12-16
U-11,2020-07-20,4,0,0,16-20,2020-07-20 16-20
U-11,2020-07-20,5,0,0,20-24,2020-07-20 20-24
U-12,2020-07-11,0,0,0,00-04,2020-07-11 00-04
U-12,2020-07-11,1,0,0,04-08,2020-07-11 04-08
U-12,2020-07-11,2,4527,1798,08-12,2020-07-11 08-12
U-12,2020-07-11,3,8436,2786,12-16,2020-07-11 12-16
U-12,2020-07-11,4,9279,2764,16-20,2020-07-11 16-20
U-12,2020-07-11,5,6779,1997,20-24,2020-07-11 20-24
U-12,2020-07-12,0,2656,691,00-04,2020-07-12 00-04
U-12,2020-07-12,1,1524,549,04-08,2020-07-12 04-08
U-12,2020-07-12,2,3646,1478,08-12,2020-07-12 08-12
U-12,2020-07-12,3,6042,2239,12-16,2020-07-12 12-16
U-12,2020-07-12,4,6361,2186,16-20,2020-07-12 16-20
U-12,2020-07-12,5,4662,1503,20-24,2020-07-12 20-24
U-12,2020-07-13,0,1312,332,00-04,2020-07-13 00-04
U-12,2020-07-13,1,2066,868,04-08,2020-07-13 04-08
U-12,2020-07-13,2,4810,2001,08-12,2020-07-13 08-12
U-12,2020-07-13,3,6125,2164,12-16,2020-07-13 12-16
U-12,2020-07-13,4,7533,2676,16-20,2020-07-13 16-20
U-12,2020-07-13,5,5205,1788,20-24,2020-07-13 20-24
U-12,2020-07-14,0,1646,446,00-04,2020-07-14 00-04
U-12,2020-07-14,1,1854,894,04-08,2020-07-14 04-08
U-12,2020-07-14,2,5598,2286,08-12,2020-07-14 08-12
U-12,2020-07-14,3,6952,2601,12-16,2020-07-14 12-16
U-12,2020-07-14,4,8090,3070,16-20,2020-07-14 16-20
U-12,2020-07-14,5,6100,1900,20-24,2020-07-14 20-24
U-12,2020-07-15,0,1935,512,00-04,2020-07-15 00-04
U-12,2020-07-15,1,2461,1058,04-08,2020-07-15 04-08
U-12,2020-07-15,2,5761,2373,08-12,2020-07-15 08-12
U-12,2020-07-15,3,7284,2567,12-16,2020-07-15 12-16
U-12,2020-07-15,4,8511,3144,16-20,2020-07-15 16-20
U-12,2020-07-15,5,6421,1980,20-24,2020-07-15 20-24
U-12,2020-07-16,0,2047,498,00-04,2020-07-16 00-04
U-12,2020-07-16,1,2400,984,04-08,2020-07-16 04-08
U-12,2020-07-16,2,6188,2456,08-12,2020-07-16 08-12
U-12,2020-07-16,3,6465,2399,12-16,2020-07-16 12-16
U-12,2020-07-16,4,8553,3153,16-20,2020-07-16 16-20
U-12,2020-07-16,5,6166,1956,20-24,2020-07-16 20-24
U-12,2020-07-17,0,1988,499,00-04,2020-07-17 00-04
U-12,2020-07-17,1,2290,1019,04-08,2020-07-17 04-08
U-12,2020-07-17,2,5560,2274,08-12,2020-07-17 08-12
U-12,2020-07-17,3,7017,2304,12-16,2020-07-17 12-16
U-12,2020-07-17,4,10156,3119,16-20,2020-07-17 16-20
U-12,2020-07-17,5,8491,2231,20-24,2020-07-17 20-24
U-12,2020-07-18,0,3058,699,00-04,2020-07-18 00-04
U-12,2020-07-18,1,2341,695,04-08,2020-07-18 04-08
U-12,2020-07-18,2,5354,1937,08-12,2020-07-18 08-12
U-12,2020-07-18,3,8166,2598,12-16,2020-07-18 12-16
U-12,2020-07-18,4,8135,2706,16-20,2020-07-18 16-20
U-12,2020-07-18,5,6293,1927,20-24,2020-07-18 20-24
U-12,2020-07-19,0,2346,618,00-04,2020-07-19 00-04
U-12,2020-07-19,1,1613,501,04-08,2020-07-19 04-08
U-12,2020-07-19,2,3725,1357,08-12,2020-07-19 08-12
U-12,2020-07-19,3,6295,2059,12-16,2020-07-19 12-16
U-12,2020-07-19,4,7902,2147,16-20,2020-07-19 16-20
U-12,2020-07-19,5,5792,1615,20-24,2020-07-19 20-24
U-12,2020-07-20,0,1852,469,00-04,2020-07-20 00-04
U-12,2020-07-20,1,2419,967,04-08,2020-07-20 04-08
U-12,2020-07-20,2,4223,1738,08-12,2020-07-20 08-12
U-12,2020-07-20,3,164,33,12-16,2020-07-20 12-16
U-12,2020-07-20,4,0,0,16-20,2020-07-20 16-20
U-12,2020-07-20,5,0,0,20-24,2020-07-20 20-24
U-13,2020-07-11,0,0,0,00-04,2020-07-11 00-04
U-13,2020-07-11,1,0,0,04-08,2020-07-11 04-08
U-13,2020-07-11,2,2152,646,08-12,2020-07-11 08-12
U-13,2020-07-11,3,6076,1535,12-16,2020-07-11 12-16
U-13,2020-07-11,4,6424,1731,16-20,2020-07-11 16-20
U-13,2020-07-11,5,5103,1392,20-24,2020-07-11 20-24
U-13,2020-07-12,0,1906,433,00-04,2020-07-12 00-04
U-13,2020-07-12,1,999,163,04-08,2020-07-12 04-08
U-13,2020-07-12,2,2409,646,08-12,2020-07-12 08-12
U-13,2020-07-12,3,4675,1106,12-16,2020-07-12 12-16
U-13,2020-07-12,4,5137,1236,16-20,2020-07-12 16-20
U-13,2020-07-12,5,3045,806,20-24,2020-07-12 20-24
U-13,2020-07-13,0,806,179,00-04,2020-07-13 00-04
U-13,2020-07-13,1,648,160,04-08,2020-07-13 04-08
U-13,2020-07-13,2,1632,449,08-12,2020-07-13 08-12
U-13,2020-07-13,3,3238,781,12-16,2020-07-13 12-16
U-13,2020-07-13,4,4211,1166,16-20,2020-07-13 16-20
U-13,2020-07-13,5,3124,872,20-24,2020-07-13 20-24
U-13,2020-07-14,0,1172,252,00-04,2020-07-14 00-04
U-13,2020-07-14,1,813,211,04-08,2020-07-14 04-08
U-13,2020-07-14,2,2456,726,08-12,2020-07-14 08-12
U-13,2020-07-14,3,3682,995,12-16,2020-07-14 12-16
U-13,2020-07-14,4,5413,1598,16-20,2020-07-14 16-20
U-13,2020-07-14,5,4512,1157,20-24,2020-07-14 20-24
U-13,2020-07-15,0,1280,297,00-04,2020-07-15 00-04
U-13,2020-07-15,1,1136,266,04-08,2020-07-15 04-08
U-13,2020-07-15,2,2287,659,08-12,2020-07-15 08-12
U-13,2020-07-15,3,4672,1102,12-16,2020-07-15 12-16
U-13,2020-07-15,4,5776,1479,16-20,2020-07-15 16-20
U-13,2020-07-15,5,4214,1132,20-24,2020-07-15 20-24
U-13,2020-07-16,0,1410,315,00-04,2020-07-16 00-04
U-13,2020-07-16,1,844,220,04-08,2020-07-16 04-08
U-13,2020-07-16,2,2645,657,08-12,2020-07-16 08-12
U-13,2020-07-16,3,5206,1088,12-16,2020-07-16 12-16
U-13,2020-07-16,4,7172,1546,16-20,2020-07-16 16-20
U-13,2020-07-16,5,4636,1150,20-24,2020-07-16 20-24
U-13,2020-07-17,0,1304,295,00-04,2020-07-17 00-04
U-13,2020-07-17,1,1024,243,04-08,2020-07-17 04-08
U-13,2020-07-17,2,2802,699,08-12,2020-07-17 08-12
U-13,2020-07-17,3,4210,1135,12-16,2020-07-17 12-16
U-13,2020-07-17,4,5651,1448,16-20,2020-07-17 16-20
U-13,2020-07-17,5,5746,1695,20-24,2020-07-17 20-24
U-13,2020-07-18,0,4612,1029,00-04,2020-07-18 00-04
U-13,2020-07-18,1,1718,300,04-08,2020-07-18 04-08
U-13,2020-07-18,2,1102,243,08-12,2020-07-18 08-12
U-13,2020-07-18,3,601,175,12-16,2020-07-18 12-16
U-13,2020-07-18,4,0,0,16-20,2020-07-18 16-20
U-13,2020-07-18,5,0,0,20-24,2020-07-18 20-24
U-13,2020-07-19,0,0,0,00-04,2020-07-19 00-04
U-13,2020-07-19,1,0,0,04-08,2020-07-19 04-08
U-13,2020-07-19,2,1504,308,08-12,2020-07-19 08-12
U-13,2020-07-19,3,4735,1142,12-16,2020-07-19 12-16
U-13,2020-07-19,4,5060,1366,16-20,2020-07-19 16-20
U-13,2020-07-19,5,4113,1244,20-24,2020-07-19 20-24
U-13,2020-07-20,0,1400,408,00-04,2020-07-20 00-04
U-13,2020-07-20,1,847,274,04-08,2020-07-20 04-08
U-13,2020-07-20,2,2147,811,08-12,2020-07-20 08-12
U-13,2020-07-20,3,187,38,12-16,2020-07-20 12-16
U-13,2020-07-20,4,0,0,16-20,2020-07-20 16-20
U-13,2020-07-20,5,0,0,20-24,2020-07-20 20-24
U-14,2020-07-11,0,0,0,00-04,2020-07-11 00-04
U-14,2020-07-11,1,0,0,04-08,2020-07-11 04-08
U-14,2020-07-11,2,0,0,08-12,2020-07-11 08-12
U-14,2020-07-11,3,0,0,12-16,2020-07-11 12-16
U-14,2020-07-11,4,2299,1179,16-20,2020-07-11 16-20
U-14,2020-07-11,5,2134,1063,20-24,2020-07-11 20-24
U-14,2020-07-12,0,491,280,00-04,2020-07-12 00-04
U-14,2020-07-12,1,272,80,04-08,2020-07-12 04-08
U-14,2020-07-12,2,852,437,08-12,2020-07-12 08-12
U-14,2020-07-12,3,2162,905,12-16,2020-07-12 12-16
U-14,2020-07-12,4,2471,1020,16-20,2020-07-12 16-20
U-14,2020-07-12,5,1115,586,20-24,2020-07-12 20-24
U-14,2020-07-13,0,208,113,00-04,2020-07-13 00-04
U-14,2020-07-13,1,2,2,04-08,2020-07-13 04-08
U-14,2020-07-13,2,192,120,08-12,2020-07-13 08-12
U-14,2020-07-13,3,1045,513,12-16,2020-07-13 12-16
U-14,2020-07-13,4,1670,844,16-20,2020-07-13 16-20
U-14,2020-07-13,5,1152,635,20-24,2020-07-13 20-24
U-14,2020-07-14,0,212,152,00-04,2020-07-14 00-04
U-14,2020-07-14,1,135,90,04-08,2020-07-14 04-08
U-14,2020-07-14,2,810,404,08-12,2020-07-14 08-12
U-14,2020-07-14,3,1984,827,12-16,2020-07-14 12-16
U-14,2020-07-14,4,2810,1312,16-20,2020-07-14 16-20
U-14,2020-07-14,5,1884,904,20-24,2020-07-14 20-24
U-14,2020-07-15,0,372,200,00-04,2020-07-15 00-04
U-14,2020-07-15,1,250,110,04-08,2020-07-15 04-08
U-14,2020-07-15,2,740,341,08-12,2020-07-15 08-12
U-14,2020-07-15,3,1729,800,12-16,2020-07-15 12-16
U-14,2020-07-15,4,2045,1014,16-20,2020-07-15 16-20
U-14,2020-07-15,5,1435,776,20-24,2020-07-15 20-24
U-14,2020-07-16,0,245,167,00-04,2020-07-16 00-04
U-14,2020-07-16,1,106,74,04-08,2020-07-16 04-08
U-14,2020-07-16,2,578,338,08-12,2020-07-16 08-12
U-14,2020-07-16,3,1576,701,12-16,2020-07-16 12-16
U-14,2020-07-16,4,2128,1031,16-20,2020-07-16 16-20
U-14,2020-07-16,5,1405,740,20-24,2020-07-16 20-24
U-14,2020-07-17,0,222,154,00-04,2020-07-17 00-04
U-14,2020-07-17,1,263,115,04-08,2020-07-17 04-08
U-14,2020-07-17,2,659,349,08-12,2020-07-17 08-12
U-14,2020-07-17,3,1637,747,12-16,2020-07-17 12-16
U-14,2020-07-17,4,2457,1190,16-20,2020-07-17 16-20
U-14,2020-07-17,5,2001,1041,20-24,2020-07-17 20-24
U-14,2020-07-18,0,661,294,00-04,2020-07-18 00-04
U-14,2020-07-18,1,171,99,04-08,2020-07-18 04-08
U-14,2020-07-18,2,614,387,08-12,2020-07-18 08-12
U-14,2020-07-18,3,2433,1026,12-16,2020-07-18 12-16
U-14,2020-07-18,4,2504,1223,16-20,2020-07-18 16-20
U-14,2020-07-18,5,1715,811,20-24,2020-07-18 20-24
U-14,2020-07-19,0,399,255,00-04,2020-07-19 00-04
U-14,2020-07-19,1,111,71,04-08,2020-07-19 04-08
U-14,2020-07-19,2,542,268,08-12,2020-07-19 08-12
U-14,2020-07-19,3,1883,748,12-16,2020-07-19 12-16
U-14,2020-07-19,4,2172,949,16-20,2020-07-19 16-20
U-14,2020-07-19,5,1322,669,20-24,2020-07-19 20-24
U-14,2020-07-20,0,341,227,00-04,2020-07-20 00-04
U-14,2020-07-20,1,96,78,04-08,2020-07-20 04-08
U-14,2020-07-20,2,550,297,08-12,2020-07-20 08-12
U-14,2020-07-20,3,100,21,12-16,2020-07-20 12-16
U-14,2020-07-20,4,0,0,16-20,2020-07-20 16-20
U-14,2020-07-20,5,0,0,20-24,2020-07-20 20-24
U-15,2020-07-11,0,0,0,00-04,2020-07-11 00-04
U-15,2020-07-11,1,175,86,04-08,2020-07-11 04-08
U-15,2020-07-11,2,4989,1895,08-12,2020-07-11 08-12
U-15,2020-07-11,3,8872,2893,12-16,2020-07-11 12-16
U-15,2020-07-11,4,9503,2944,16-20,2020-07-11 16-20
U-15,2020-07-11,5,6904,2189,20-24,2020-07-11 20-24
U-15,2020-07-12,0,2840,696,00-04,2020-07-12 00-04
U-15,2020-07-12,1,1433,470,04-08,2020-07-12 04-08
U-15,2020-07-12,2,1896,670,08-12,2020-07-12 08-12
U-15,2020-07-12,3,3027,1004,12-16,2020-07-12 12-16
U-15,2020-07-12,4,3081,976,16-20,2020-07-12 16-20
U-15,2020-07-12,5,2076,523,20-24,2020-07-12 20-24
U-15,2020-07-13,0,999,157,00-04,2020-07-13 00-04
U-15,2020-07-13,1,1147,208,04-08,2020-07-13 04-08
U-15,2020-07-13,2,1976,710,08-12,2020-07-13 08-12
U-15,2020-07-13,3,2650,970,12-16,2020-07-13 12-16
U-15,2020-07-13,4,4118,1178,16-20,2020-07-13 16-20
U-15,2020-07-13,5,3207,788,20-24,2020-07-13 20-24
U-15,2020-07-14,0,1078,206,00-04,2020-07-14 00-04
U-15,2020-07-14,1,982,240,04-08,2020-07-14 04-08
U-15,2020-07-14,2,2513,904,08-12,2020-07-14 08-12
U-15,2020-07-14,3,3785,1196,12-16,2020-07-14 12-16
U-15,2020-07-14,4,4714,1485,16-20,2020-07-14 16-20
U-15,2020-07-14,5,3553,895,20-24,2020-07-14 20-24
U-15,2020-07-15,0,1315,239,00-04,2020-07-15 00-04
U-15,2020-07-15,1,1244,258,04-08,2020-07-15 04-08
U-15,2020-07-15,2,2523,866,08-12,2020-07-15 08-12
U-15,2020-07-15,3,3814,1194,12-16,2020-07-15 12-16
U-15,2020-07-15,4,4598,1493,16-20,2020-07-15 16-20
U-15,2020-07-15,5,3575,932,20-24,2020-07-15 20-24
U-15,2020-07-16,0,1525,247,00-04,2020-07-16 00-04
U-15,2020-07-16,1,1418,296,04-08,2020-07-16 04-08
U-15,2020-07-16,2,2756,924,08-12,2020-07-16 08-12
U-15,2020-07-16,3,3508,1182,12-16,2020-07-16 12-16
U-15,2020-07-16,4,4717,1483,16-20,2020-07-16 16-20
U-15,2020-07-16,5,3655,979,20-24,2020-07-16 20-24
U-15,2020-07-17,0,1169,236,00-04,2020-07-17 00-04
U-15,2020-07-17,1,1089,282,04-08,2020-07-17 04-08
U-15,2020-07-17,2,3032,929,08-12,2020-07-17 08-12
U-15,2020-07-17,3,4407,1258,12-16,2020-07-17 12-16
U-15,2020-07-17,4,5377,1569,16-20,2020-07-17 16-20
U-15,2020-07-17,5,4492,1180,20-24,2020-07-17 20-24
U-15,2020-07-18,0,1748,368,00-04,2020-07-18 00-04
U-15,2020-07-18,1,1299,217,04-08,2020-07-18 04-08
U-15,2020-07-18,2,2727,863,08-12,2020-07-18 08-12
U-15,2020-07-18,3,5181,1458,12-16,2020-07-18 12-16
U-15,2020-07-18,4,81,50,16-20,2020-07-18 16-20
U-15,2020-07-18,5,0,0,20-24,2020-07-18 20-24
U-15,2020-07-19,0,0,0,00-04,2020-07-19 00-04
U-15,2020-07-19,1,0,0,04-08,2020-07-19 04-08
U-15,2020-07-19,2,1196,403,08-12,2020-07-19 08-12
U-15,2020-07-19,3,3903,1141,12-16,2020-07-19 12-16
U-15,2020-07-19,4,4450,1305,16-20,2020-07-19 16-20
U-15,2020-07-19,5,2971,794,20-24,2020-07-19 20-24
U-15,2020-07-20,0,1580,234,00-04,2020-07-20 00-04
U-15,2020-07-20,1,1336,264,04-08,2020-07-20 04-08
U-15,2020-07-20,2,2911,1082,08-12,2020-07-20 08-12
U-15,2020-07-20,3,0,0,12-16,2020-07-20 12-16
U-15,2020-07-20,4,0,0,16-20,2020-07-20 16-20
U-15,2020-07-20,5,0,0,20-24,2020-07-20 20-24
U-16,2020-07-11,0,0,0,00-04,2020-07-11 00-04
U-16,2020-07-11,1,0,0,04-08,2020-07-11 04-08
U-16,2020-07-11,2,1145,426,08-12,2020-07-11 08-12
U-16,2020-07-11,3,3615,1114,12-16,2020-07-11 12-16
U-16,2020-07-11,4,4938,1349,16-20,2020-07-11 16-20
U-16,2020-07-11,5,4857,1177,20-24,2020-07-11 20-24
U-16,2020-07-12,0,1735,363,00-04,2020-07-12 00-04
U-16,2020-07-12,1,767,132,04-08,2020-07-12 04-08
U-16,2020-07-12,2,1401,455,08-12,2020-07-12 08-12
U-16,2020-07-12,3,2590,818,12-16,2020-07-12 12-16
U-16,2020-07-12,4,3449,1024,16-20,2020-07-12 16-20
U-16,2020-07-12,5,2700,714,20-24,2020-07-12 20-24
U-16,2020-07-13,0,916,193,00-04,2020-07-13 00-04
U-16,2020-07-13,1,507,100,04-08,2020-07-13 04-08
U-16,2020-07-13,2,1172,288,08-12,2020-07-13 08-12
U-16,2020-07-13,3,2937,553,12-16,2020-07-13 12-16
U-16,2020-07-13,4,3594,915,16-20,2020-07-13 16-20
U-16,2020-07-13,5,2736,777,20-24,2020-07-13 20-24
U-16,2020-07-14,0,1107,236,00-04,2020-07-14 00-04
U-16,2020-07-14,1,150,32,04-08,2020-07-14 04-08
U-16,2020-07-14,2,1626,367,08-12,2020-07-14 08-12
U-16,2020-07-14,3,2444,514,12-16,2020-07-14 12-16
U-16,2020-07-14,4,0,0,16-20,2020-07-14 16-20
U-16,2020-07-14,5,0,0,20-24,2020-07-14 20-24
U-16,2020-07-15,0,0,0,00-04,2020-07-15 00-04
U-16,2020-07-15,1,0,0,04-08,2020-07-15 04-08
U-16,2020-07-15,2,714,229,08-12,2020-07-15 08-12
U-16,2020-07-15,3,2611,714,12-16,2020-07-15 12-16
U-16,2020-07-15,4,3786,932,16-20,2020-07-15 16-20
U-16,2020-07-15,5,3353,819,20-24,2020-07-15 20-24
U-16,2020-07-16,0,1245,255,00-04,2020-07-16 00-04
U-16,2020-07-16,1,496,102,04-08,2020-07-16 04-08
U-16,2020-07-16,2,1610,355,08-12,2020-07-16 08-12
U-16,2020-07-16,3,3627,664,12-16,2020-07-16 12-16
U-16,2020-07-16,4,5299,1008,16-20,2020-07-16 16-20
U-16,2020-07-16,5,4664,853,20-24,2020-07-16 20-24
U-16,2020-07-17,0,1374,276,00-04,2020-07-17 00-04
U-16,2020-07-17,1,670,125,04-08,2020-07-17 04-08
U-16,2020-07-17,2,2139,431,08-12,2020-07-17 08-12
U-16,2020-07-17,3,3953,769,12-16,2020-07-17 12-16
U-16,2020-07-17,4,5577,1156,16-20,2020-07-17 16-20
U-16,2020-07-17,5,8116,1153,20-24,2020-07-17 20-24
U-16,2020-07-18,0,2700,393,00-04,2020-07-18 00-04
U-16,2020-07-18,1,797,129,04-08,2020-07-18 04-08
U-16,2020-07-18,2,3459,512,08-12,2020-07-18 08-12
U-16,2020-07-18,3,4786,905,12-16,2020-07-18 12-16
U-16,2020-07-18,4,4972,1096,16-20,2020-07-18 16-20
U-16,2020-07-18,5,9590,820,20-24,2020-07-18 20-24
U-16,2020-07-19,0,3179,294,00-04,2020-07-19 00-04
U-16,2020-07-19,1,543,110,04-08,2020-07-19 04-08
U-16,2020-07-19,2,2102,557,08-12,2020-07-19 08-12
U-16,2020-07-19,3,4111,876,12-16,2020-07-19 12-16
U-16,2020-07-19,4,5429,1226,16-20,2020-07-19 16-20
U-16,2020-07-19,5,2809,915,20-24,2020-07-19 20-24
U-16,2020-07-20,0,1073,312,00-04,2020-07-20 00-04
U-16,2020-07-20,1,625,183,04-08,2020-07-20 04-08
U-16,2020-07-20,2,1624,550,08-12,2020-07-20 08-12
U-16,2020-07-20,3,0,0,12-16,2020-07-20 12-16
U-16,2020-07-20,4,0,0,16-20,2020-07-20 16-20
U-16,2020-07-20,5,0,0,20-24,2020-07-20 20-24
U-17,2020-07-11,0,0,0,00-04,2020-07-11 00-04
U-17,2020-07-11,1,0,0,04-08,2020-07-11 04-08
U-17,2020-07-11,2,2943,799,08-12,2020-07-11 08-12
U-17,2020-07-11,3,4641,1296,12-16,2020-07-11 12-16
U-17,2020-07-11,4,4512,1252,16-20,2020-07-11 16-20
U-17,2020-07-11,5,3808,871,20-24,2020-07-11 20-24
U-17,2020-07-12,0,1963,294,00-04,2020-07-12 00-04
U-17,2020-07-12,1,1182,154,04-08,2020-07-12 04-08
U-17,2020-07-12,2,2109,533,08-12,2020-07-12 08-12
U-17,2020-07-12,3,3112,924,12-16,2020-07-12 12-16
U-17,2020-07-12,4,3486,896,16-20,2020-07-12 16-20
U-17,2020-07-12,5,2477,519,20-24,2020-07-12 20-24
U-17,2020-07-13,0,1181,126,00-04,2020-07-13 00-04
U-17,2020-07-13,1,1178,188,04-08,2020-07-13 04-08
U-17,2020-07-13,2,1758,640,08-12,2020-07-13 08-12
U-17,2020-07-13,3,3273,919,12-16,2020-07-13 12-16
U-17,2020-07-13,4,4685,1247,16-20,2020-07-13 16-20
U-17,2020-07-13,5,3760,797,20-24,2020-07-13 20-24
U-17,2020-07-14,0,1462,224,00-04,2020-07-14 00-04
U-17,2020-07-14,1,1007,252,04-08,2020-07-14 04-08
U-17,2020-07-14,2,2795,904,08-12,2020-07-14 08-12
U-17,2020-07-14,3,4437,1227,12-16,2020-07-14 12-16
U-17,2020-07-14,4,5676,1579,16-20,2020-07-14 16-20
U-17,2020-07-14,5,4759,1034,20-24,2020-07-14 20-24
U-17,2020-07-15,0,1343,264,00-04,2020-07-15 00-04
U-17,2020-07-15,1,928,245,04-08,2020-07-15 04-08
U-17,2020-07-15,2,2762,833,08-12,2020-07-15 08-12
U-17,2020-07-15,3,4538,1145,12-16,2020-07-15 12-16
U-17,2020-07-15,4,6129,1529,16-20,2020-07-15 16-20
U-17,2020-07-15,5,4179,992,20-24,2020-07-15 20-24
U-17,2020-07-16,0,1497,264,00-04,2020-07-16 00-04
U-17,2020-07-16,1,1055,270,04-08,2020-07-16 04-08
U-17,2020-07-16,2,3512,1112,08-12,2020-07-16 08-12
U-17,2020-07-16,3,4371,1200,12-16,2020-07-16 12-16
U-17,2020-07-16,4,4897,1347,16-20,2020-07-16 16-20
U-17,2020-07-16,5,3637,804,20-24,2020-07-16 20-24
U-17,2020-07-17,0,1228,163,00-04,2020-07-17 00-04
U-17,2020-07-17,1,1941,538,04-08,2020-07-17 04-08
U-17,2020-07-17,2,2398,624,08-12,2020-07-17 08-12
U-17,2020-07-17,3,4615,1200,12-16,2020-07-17 12-16
U-17,2020-07-17,4,5729,1463,16-20,2020-07-17 16-20
U-17,2020-07-17,5,4961,1057,20-24,2020-07-17 20-24
U-17,2020-07-18,0,1665,285,00-04,2020-07-18 00-04
U-17,2020-07-18,1,1192,183,04-08,2020-07-18 04-08
U-17,2020-07-18,2,3180,785,08-12,2020-07-18 08-12
U-17,2020-07-18,3,6228,1340,12-16,2020-07-18 12-16
U-17,2020-07-18,4,5577,1325,16-20,2020-07-18 16-20
U-17,2020-07-18,5,4952,923,20-24,2020-07-18 20-24
U-17,2020-07-19,0,2048,332,00-04,2020-07-19 00-04
U-17,2020-07-19,1,1070,178,04-08,2020-07-19 04-08
U-17,2020-07-19,2,2489,584,08-12,2020-07-19 08-12
U-17,2020-07-19,3,4448,976,12-16,2020-07-19 12-16
U-17,2020-07-19,4,4675,1043,16-20,2020-07-19 16-20
U-17,2020-07-19,5,4191,702,20-24,2020-07-19 20-24
U-17,2020-07-20,0,1890,215,00-04,2020-07-20 00-04
U-17,2020-07-20,1,1431,235,04-08,2020-07-20 04-08
U-17,2020-07-20,2,1594,515,08-12,2020-07-20 08-12
U-17,2020-07-20,3,0,0,12-16,2020-07-20 12-16
U-17,2020-07-20,4,0,0,16-20,2020-07-20 16-20
U-17,2020-07-20,5,0,0,20-24,2020-07-20 20-24
U-18,2020-07-11,0,0,0,00-04,2020-07-11 00-04
U-18,2020-07-11,1,26,22,04-08,2020-07-11 04-08
U-18,2020-07-11,2,2003,900,08-12,2020-07-11 08-12
U-18,2020-07-11,3,3370,1335,12-16,2020-07-11 12-16
U-18,2020-07-11,4,3171,1300,16-20,2020-07-11 16-20
U-18,2020-07-11,5,3042,1211,20-24,2020-07-11 20-24
U-18,2020-07-12,0,1386,466,00-04,2020-07-12 00-04
U-18,2020-07-12,1,806,261,04-08,2020-07-12 04-08
U-18,2020-07-12,2,1506,642,08-12,2020-07-12 08-12
U-18,2020-07-12,3,2233,930,12-16,2020-07-12 12-16
U-18,2020-07-12,4,2663,980,16-20,2020-07-12 16-20
U-18,2020-07-12,5,2168,694,20-24,2020-07-12 20-24
U-18,2020-07-13,0,740,213,00-04,2020-07-13 00-04
U-18,2020-07-13,1,923,392,04-08,2020-07-13 04-08
U-18,2020-07-13,2,2007,901,08-12,2020-07-13 08-12
U-18,2020-07-13,3,2360,941,12-16,2020-07-13 12-16
U-18,2020-07-13,4,2844,1307,16-20,2020-07-13 16-20
U-18,2020-07-13,5,2060,897,20-24,2020-07-13 20-24
U-18,2020-07-14,0,922,251,00-04,2020-07-14 00-04
U-18,2020-07-14,1,992,484,04-08,2020-07-14 04-08
U-18,2020-07-14,2,2567,1160,08-12,2020-07-14 08-12
U-18,2020-07-14,3,3250,1290,12-16,2020-07-14 12-16
U-18,2020-07-14,4,4252,1604,16-20,2020-07-14 16-20
U-18,2020-07-14,5,2786,1024,20-24,2020-07-14 20-24
U-18,2020-07-15,0,968,312,00-04,2020-07-15 00-04
U-18,2020-07-15,1,1032,526,04-08,2020-07-15 04-08
U-18,2020-07-15,2,3007,1174,08-12,2020-07-15 08-12
U-18,2020-07-15,3,2978,1202,12-16,2020-07-15 12-16
U-18,2020-07-15,4,3599,1689,16-20,2020-07-15 16-20
U-18,2020-07-15,5,2474,1016,20-24,2020-07-15 20-24
U-18,2020-07-16,0,919,284,00-04,2020-07-16 00-04
U-18,2020-07-16,1,994,484,04-08,2020-07-16 04-08
U-18,2020-07-16,2,2690,1181,08-12,2020-07-16 08-12
U-18,2020-07-16,3,2481,1111,12-16,2020-07-16 12-16
U-18,2020-07-16,4,3564,1665,16-20,2020-07-16 16-20
U-18,2020-07-16,5,2602,1067,20-24,2020-07-16 20-24
U-18,2020-07-17,0,907,364,00-04,2020-07-17 00-04
U-18,2020-07-17,1,1032,531,04-08,2020-07-17 04-08
U-18,2020-07-17,2,2715,1197,08-12,2020-07-17 08-12
U-18,2020-07-17,3,2988,1255,12-16,2020-07-17 12-16
U-18,2020-07-17,4,3848,1699,16-20,2020-07-17 16-20
U-18,2020-07-17,5,3178,1120,20-24,2020-07-17 20-24
U-18,2020-07-18,0,1496,443,00-04,2020-07-18 00-04
U-18,2020-07-18,1,1209,389,04-08,2020-07-18 04-08
U-18,2020-07-18,2,2456,990,08-12,2020-07-18 08-12
U-18,2020-07-18,3,3152,1253,12-16,2020-07-18 12-16
U-18,2020-07-18,4,3388,1312,16-20,2020-07-18 16-20
U-18,2020-07-18,5,2543,929,20-24,2020-07-18 20-24
U-18,2020-07-19,0,1881,401,00-04,2020-07-19 00-04
U-18,2020-07-19,1,821,292,04-08,2020-07-19 04-08
U-18,2020-07-19,2,2425,690,08-12,2020-07-19 08-12
U-18,2020-07-19,3,3853,897,12-16,2020-07-19 12-16
U-18,2020-07-19,4,6522,1031,16-20,2020-07-19 16-20
U-18,2020-07-19,5,3514,847,20-24,2020-07-19 20-24
U-18,2020-07-20,0,1467,279,00-04,2020-07-20 00-04
U-18,2020-07-20,1,1301,516,04-08,2020-07-20 04-08
U-18,2020-07-20,2,1185,593,08-12,2020-07-20 08-12
U-18,2020-07-20,3,0,0,12-16,2020-07-20 12-16
U-18,2020-07-20,4,0,0,16-20,2020-07-20 16-20
U-18,2020-07-20,5,0,0,20-24,2020-07-20 20-24
U-19,2020-07-11,0,0,0,00-04,2020-07-11 00-04
U-19,2020-07-11,1,0,0,04-08,2020-07-11 04-08
U-19,2020-07-11,2,0,0,08-12,2020-07-11 08-12
U-19,2020-07-11,3,0,0,12-16,2020-07-11 12-16
U-19,2020-07-11,4,3203,885,16-20,2020-07-11 16-20
U-19,2020-07-11,5,4231,987,20-24,2020-07-11 20-24
U-19,2020-07-12,0,2162,327,00-04,2020-07-12 00-04
U-19,2020-07-12,1,459,62,04-08,2020-07-12 04-08
U-19,2020-07-12,2,932,303,08-12,2020-07-12 08-12
U-19,2020-07-12,3,1922,614,12-16,2020-07-12 12-16
U-19,2020-07-12,4,2593,747,16-20,2020-07-12 16-20
U-19,2020-07-12,5,3056,608,20-24,2020-07-12 20-24
U-19,2020-07-13,0,1173,192,00-04,2020-07-13 00-04
U-19,2020-07-13,1,626,118,04-08,2020-07-13 04-08
U-19,2020-07-13,2,1166,353,08-12,2020-07-13 08-12
U-19,2020-07-13,3,2020,529,12-16,2020-07-13 12-16
U-19,2020-07-13,4,3141,883,16-20,2020-07-13 16-20
U-19,2020-07-13,5,3108,712,20-24,2020-07-13 20-24
U-19,2020-07-14,0,1643,230,00-04,2020-07-14 00-04
U-19,2020-07-14,1,1004,131,04-08,2020-07-14 04-08
U-19,2020-07-14,2,1499,404,08-12,2020-07-14 08-12
U-19,2020-07-14,3,2103,617,12-16,2020-07-14 12-16
U-19,2020-07-14,4,3798,988,16-20,2020-07-14 16-20
U-19,2020-07-14,5,3678,776,20-24,2020-07-14 20-24
U-19,2020-07-15,0,1817,269,00-04,2020-07-15 00-04
U-19,2020-07-15,1,1041,149,04-08,2020-07-15 04-08
U-19,2020-07-15,2,1791,412,08-12,2020-07-15 08-12
U-19,2020-07-15,3,2488,708,12-16,2020-07-15 12-16
U-19,2020-07-15,4,4002,987,16-20,2020-07-15 16-20
U-19,2020-07-15,5,3697,849,20-24,2020-07-15 20-24
U-19,2020-07-16,0,1579,286,00-04,2020-07-16 00-04
U-19,2020-07-16,1,788,131,04-08,2020-07-16 04-08
U-19,2020-07-16,2,1297,386,08-12,2020-07-16 08-12
U-19,2020-07-16,3,2362,645,12-16,2020-07-16 12-16
U-19,2020-07-16,4,3433,1010,16-20,2020-07-16 16-20
U-19,2020-07-16,5,5074,852,20-24,2020-07-16 20-24
U-19,2020-07-17,0,4786,304,00-04,2020-07-17 00-04
U-19,2020-07-17,1,741,148,04-08,2020-07-17 04-08
U-19,2020-07-17,2,1561,402,08-12,2020-07-17 08-12
U-19,2020-07-17,3,2833,703,12-16,2020-07-17 12-16
U-19,2020-07-17,4,4857,1044,16-20,2020-07-17 16-20
U-19,2020-07-17,5,6596,984,20-24,2020-07-17 20-24
U-19,2020-07-18,0,2620,366,00-04,2020-07-18 00-04
U-19,2020-07-18,1,834,134,04-08,2020-07-18 04-08
U-19,2020-07-18,2,1344,364,08-12,2020-07-18 08-12
U-19,2020-07-18,3,2741,827,12-16,2020-07-18 12-16
U-19,2020-07-18,4,3743,1083,16-20,2020-07-18 16-20
U-19,2020-07-18,5,5081,941,20-24,2020-07-18 20-24
U-19,2020-07-19,0,4982,365,00-04,2020-07-19 00-04
U-19,2020-07-19,1,766,131,04-08,2020-07-19 04-08
U-19,2020-07-19,2,1340,303,08-12,2020-07-19 08-12
U-19,2020-07-19,3,660,190,12-16,2020-07-19 12-16
U-19,2020-07-19,4,0,0,16-20,2020-07-19 16-20
U-19,2020-07-19,5,0,0,20-24,2020-07-19 20-24
U-19,2020-07-20,0,0,0,00-04,2020-07-20 00-04
U-19,2020-07-20,1,0,0,04-08,2020-07-20 04-08
U-19,2020-07-20,2,0,0,08-12,2020-07-20 08-12
U-19,2020-07-20,3,0,0,12-16,2020-07-20 12-16
U-19,2020-07-20,4,0,0,16-20,2020-07-20 16-20
U-19,2020-07-20,5,0,0,20-24,2020-07-20 20-24
U-20,2020-07-11,0,0,0,00-04,2020-07-11 00-04
U-20,2020-07-11,1,0,0,04-08,2020-07-11 04-08
U-20,2020-07-11,2,1960,712,08-12,2020-07-11 08-12
U-20,2020-07-11,3,4067,1154,12-16,2020-07-11 12-16
U-20,2020-07-11,4,3923,1286,16-20,2020-07-11 16-20
U-20,2020-07-11,5,3019,974,20-24,2020-07-11 20-24
U-20,2020-07-12,0,1487,314,00-04,2020-07-12 00-04
U-20,2020-07-12,1,837,152,04-08,2020-07-12 04-08
U-20,2020-07-12,2,1844,483,08-12,2020-07-12 08-12
U-20,2020-07-12,3,2383,794,12-16,2020-07-12 12-16
U-20,2020-07-12,4,3024,844,16-20,2020-07-12 16-20
U-20,2020-07-12,5,2658,580,20-24,2020-07-12 20-24
U-20,2020-07-13,0,980,160,00-04,2020-07-13 00-04
U-20,2020-07-13,1,871,185,04-08,2020-07-13 04-08
U-20,2020-07-13,2,1654,613,08-12,2020-07-13 08-12
U-20,2020-07-13,3,1473,641,12-16,2020-07-13 12-16
U-20,2020-07-13,4,2450,934,16-20,2020-07-13 16-20
U-20,2020-07-13,5,1699,600,20-24,2020-07-13 20-24
U-20,2020-07-14,0,608,159,00-04,2020-07-14 00-04
U-20,2020-07-14,1,521,168,04-08,2020-07-14 04-08
U-20,2020-07-14,2,1564,698,08-12,2020-07-14 08-12
U-20,2020-07-14,3,2390,891,12-16,2020-07-14 12-16
U-20,2020-07-14,4,3185,1252,16-20,2020-07-14 16-20
U-20,2020-07-14,5,2397,785,20-24,2020-07-14 20-24
U-20,2020-07-15,0,875,198,00-04,2020-07-15 00-04
U-20,2020-07-15,1,748,198,04-08,2020-07-15 04-08
U-20,2020-07-15,2,1597,679,08-12,2020-07-15 08-12
U-20,2020-07-15,3,2206,923,12-16,2020-07-15 12-16
U-20,2020-07-15,4,3151,1265,16-20,2020-07-15 16-20
U-20,2020-07-15,5,2233,829,20-24,2020-07-15 20-24
U-20,2020-07-16,0,713,237,00-04,2020-07-16 00-04
U-20,2020-07-16,1,514,222,04-08,2020-07-16 04-08
U-20,2020-07-16,2,1662,790,08-12,2020-07-16 08-12
U-20,2020-07-16,3,2228,901,12-16,2020-07-16 12-16
U-20,2020-07-16,4,3288,1351,16-20,2020-07-16 16-20
U-20,2020-07-16,5,2620,874,20-24,2020-07-16 20-24
U-20,2020-07-17,0,1152,233,00-04,2020-07-17 00-04
U-20,2020-07-17,1,942,225,04-08,2020-07-17 04-08
U-20,2020-07-17,2,1604,712,08-12,2020-07-17 08-12
U-20,2020-07-17,3,2328,981,12-16,2020-07-17 12-16
U-20,2020-07-17,4,3218,1287,16-20,2020-07-17 16-20
U-20,2020-07-17,5,2976,937,20-24,2020-07-17 20-24
U-20,2020-07-18,0,802,259,00-04,2020-07-18 00-04
U-20,2020-07-18,1,526,183,04-08,2020-07-18 04-08
U-20,2020-07-18,2,1454,622,08-12,2020-07-18 08-12
U-20,2020-07-18,3,2395,1023,12-16,2020-07-18 12-16
U-20,2020-07-18,4,2746,1100,16-20,2020-07-18 16-20
U-20,2020-07-18,5,2136,812,20-24,2020-07-18 20-24
U-20,2020-07-19,0,1735,280,00-04,2020-07-19 00-04
U-20,2020-07-19,1,645,150,04-08,2020-07-19 04-08
U-20,2020-07-19,2,1556,488,08-12,2020-07-19 08-12
U-20,2020-07-19,3,2458,808,12-16,2020-07-19 12-16
U-20,2020-07-19,4,2840,956,16-20,2020-07-19 16-20
U-20,2020-07-19,5,2286,660,20-24,2020-07-19 20-24
U-20,2020-07-20,0,1038,239,00-04,2020-07-20 00-04
U-20,2020-07-20,1,936,247,04-08,2020-07-20 04-08
U-20,2020-07-20,2,1080,477,08-12,2020-07-20 08-12
U-20,2020-07-20,3,0,0,12-16,2020-07-20 12-16
U-20,2020-07-20,4,0,0,16-20,2020-07-20 16-20
U-20,2020-07-20,5,0,0,20-24,2020-07-20 20-24
U-NA,2020-07-11,0,0,0,00-04,2020-07-11 00-04
U-NA,2020-07-11,1,0,0,04-08,2020-07-11 04-08
U-NA,2020-07-11,2,756,286,08-12,2020-07-11 08-12
U-NA,2020-07-11,3,2400,757,12-16,2020-07-11 12-16
U-NA,2020-07-11,4,2605,833,16-20,2020-07-11 16-20
U-NA,2020-07-11,5,1805,621,20-24,2020-07-11 20-24
U-NA,2020-07-12,0,539,156,00-04,2020-07-12 00-04
U-NA,2020-07-12,1,225,64,04-08,2020-07-12 04-08
U-NA,2020-07-12,2,628,235,08-12,2020-07-12 08-12
U-NA,2020-07-12,3,1903,561,12-16,2020-07-12 12-16
U-NA,2020-07-12,4,1879,598,16-20,2020-07-12 16-20
U-NA,2020-07-12,5,1261,456,20-24,2020-07-12 20-24
U-NA,2020-07-13,0,314,89,00-04,2020-07-13 00-04
U-NA,2020-07-13,1,269,79,04-08,2020-07-13 04-08
U-NA,2020-07-13,2,328,189,08-12,2020-07-13 08-12
U-NA,2020-07-13,3,0,0,12-16,2020-07-13 12-16
U-NA,2020-07-13,4,0,0,16-20,2020-07-13 16-20
U-NA,2020-07-13,5,0,0,20-24,2020-07-13 20-24
U-NA,2020-07-14,0,0,0,00-04,2020-07-14 00-04
U-NA,2020-07-14,1,0,0,04-08,2020-07-14 04-08
U-NA,2020-07-14,2,0,0,08-12,2020-07-14 08-12
U-NA,2020-07-14,3,0,0,12-16,2020-07-14 12-16
U-NA,2020-07-14,4,0,0,16-20,2020-07-14 16-20
U-NA,2020-07-14,5,0,0,20-24,2020-07-14 20-24
U-NA,2020-07-15,0,0,0,00-04,2020-07-15 00-04
U-NA,2020-07-15,1,0,0,04-08,2020-07-15 04-08
U-NA,2020-07-15,2,0,0,08-12,2020-07-15 08-12
U-NA,2020-07-15,3,0,0,12-16,2020-07-15 12-16
U-NA,2020-07-15,4,0,0,16-20,2020-07-15 16-20
U-NA,2020-07-15,5,0,0,20-24,2020-07-15 20-24
U-NA,2020-07-16,0,0,0,00-04,2020-07-16 00-04
U-NA,2020-07-16,1,0,0,04-08,2020-07-16 04-08
U-NA,2020-07-16,2,0,0,08-12,2020-07-16 08-12
U-NA,2020-07-16,3,411,193,12-16,2020-07-16 12-16
U-NA,2020-07-16,4,1127,174,16-20,2020-07-16 16-20
U-NA,2020-07-16,5,0,0,20-24,2020-07-16 20-24
U-NA,2020-07-17,0,0,0,00-04,2020-07-17 00-04
U-NA,2020-07-17,1,0,0,04-08,2020-07-17 04-08
U-NA,2020-07-17,2,0,0,08-12,2020-07-17 08-12
U-NA,2020-07-17,3,0,0,12-16,2020-07-17 12-16
U-NA,2020-07-17,4,0,0,16-20,2020-07-17 16-20
U-NA,2020-07-17,5,0,0,20-24,2020-07-17 20-24
U-NA,2020-07-18,0,0,0,00-04,2020-07-18 00-04
U-NA,2020-07-18,1,0,0,04-08,2020-07-18 04-08
U-NA,2020-07-18,2,0,0,08-12,2020-07-18 08-12
U-NA,2020-07-18,3,0,0,12-16,2020-07-18 12-16
U-NA,2020-07-18,4,0,0,16-20,2020-07-18 16-20
U-NA,2020-07-18,5,0,0,20-24,2020-07-18 20-24
U-NA,2020-07-19,0,0,0,00-04,2020-07-19 00-04
U-NA,2020-07-19,1,0,0,04-08,2020-07-19 04-08
U-NA,2020-07-19,2,0,0,08-12,2020-07-19 08-12
U-NA,2020-07-19,3,0,0,12-16,2020-07-19 12-16
U-NA,2020-07-19,4,0,0,16-20,2020-07-19 16-20
U-NA,2020-07-19,5,0,0,20-24,2020-07-19 20-24
U-NA,2020-07-20,0,0,0,00-04,2020-07-20 00-04
U-NA,2020-07-20,1,0,0,04-08,2020-07-20 04-08
U-NA,2020-07-20,2,0,0,08-12,2020-07-20 08-12
U-NA,2020-07-20,3,0,0,12-16,2020-07-20 12-16
U-NA,2020-07-20,4,0,0,16-20,2020-07-20 16-20
U-NA,2020-07-20,5,0,0,20-24,2020-07-20 20-24
